Attribute,Description,Valid Values,DependsOn,Required,Properties,Parent,DependsOn Component,Source,Validation Rules,Nonpreferred Terms,Ontology Identifier,Ontology Url,NCIt Code,Notes
10-cell RNA Sequencing,A procedure that can determine the RNA sequences for all or part of the poly-A tail-containing messenger RNA transcripts in an individual.,,,FALSE,,Assay,,pubMed,,10-cell rna sequencing,PMID:30894605,https://pubmed.ncbi.nlm.nih.gov/30894605,,
16S Ribosomal Gene Sequencing Assay,An amplicon sequencing assay in which universal primers are used to amplify the 16S ribosomal RNA gene from bacterial or archaeal samples for taxonomic identification and profiling.,,,FALSE,,Assay,,OBI,,"16s ribosomal gene sequencing assay, 16S rRNA sequencing, 16S Ribosomal RNA Sequencing, 16S rRNA gene amplification, 16S ribosomal RNA sequencing",OBI:0002763,http://purl.obolibrary.org/obo/OBI_0002763,,
3' RNA-seq,"A method for profiling gene expression in which RNA-sequencing library preparation and sequencing are restricted to a short region at the 3' end of polyadenylated transcripts (typically captured via oligo-dT priming), rather than covering full-length transcripts.",,,FALSE,,Assay,,,,,EFO:0010188,http://www.ebi.ac.uk/efo/EFO_0010188,,
3C,"3C (""chromosome conformation capture"") is a molecular technique that measures the physical interaction frequency between genomic loci that are in close spatial proximity within the nucleus.",,,FALSE,,Assay,,EFO,,"3c, Chromosome Conformation NG Capture-C Assay, Chromosome Conformation Capture Assay",EFO:0007689,http://www.ebi.ac.uk/efo/EFO_0007689,,
3C-qPCR,A chromosome conformation capture (3C) method that uses quantitative PCR to measure the interaction frequency between a single pair of genomic loci.,,,FALSE,,Assay,,,,"Quantitative analysis of chromosome conformation capture assays, 3c-qpcr",ECO:0000237,http://purl.obolibrary.org/obo/ECO_0000237,,Not in any ontologies or NCIt
3D ATAC-PALM,A super-resolution imaging technique that combines ATAC-see (a fluorescence-based chromatin accessibility assay) with photoactivated localization microscopy (PALM) to visualize the 3D spatial organization of accessible chromatin in single cells.,,,FALSE,,Assay,,,,,,,,AN 2024-09-20
3D Bioprinting,"A biofabrication technique that uses layer-by-layer deposition of cells, biomaterials, and growth factors to construct three-dimensional, tissue-like structures.",,,FALSE,,Assay,,PubMed,,,PMID:26724184,https://pubmed.ncbi.nlm.nih.gov/26724184,,Added by Brynn 09/23/2022
3D Cell Culture,A cultured cell population grown in a three-dimensional format that more closely mimics the in vivo growth environment than conventional two-dimensional culture.,,,FALSE,,Assay,,,,"3d cell culture, 3D culture, 3D cell culture",MSIO:0000159,http://purl.obolibrary.org/obo/MSIO_0000159,,
4C,4C (chromosome conformation capture-on-chip) is an extension of 3C that combines chromosome conformation capture with high-throughput sequencing or microarray analysis to identify all genomic loci interacting with a single locus of interest.,,,FALSE,,Assay,,EFO,,"4C, 4c",EFO:0007690,http://www.ebi.ac.uk/efo/EFO_0007690,,
5C,"5C (""chromosome conformation capture carbon copy"") is an extension of the 3C technique that uses ligation-mediated amplification to study the 3-dimensional organization of multiple genomic loci in parallel.",,,FALSE,,Assay,,EFO,,"5c, 5C",EFO:0007692,http://www.ebi.ac.uk/efo/EFO_0007692,,
ATAC-Seq,"A molecular genetic technique that isolates and sequences chromosomal regions that are rich in open chromatin. First, nuclei are harvested from a cellular sample. Then a hyperactive Tn5 transposase is added to the nuclei where it excises non-nucleosomal DNA strands and ligates co-administered high-throughput sequencing adapters (tagmentation).  The tagged DNA fragments are isolated, amplified by PCR and sequenced. The number of reads for specific region of DNA correlate with increased chromatin accessibility and this method can identify regions of transcription factor and nucleosome binding.",,,FALSE,,Assay,,,,"Assay for Transposase-Accessible Chromatin Using Sequencing, Assay for Transposase Accessible Chromatin with High-Throughput Sequencing, ATACSeq, ATAC-seq (assay for Transposase-Accessible Chromatin (ATAC) strategy is used to study genome-wide chromatin accessibility), Assay for Transposase-Accessible Chromatin Sequencing",NCIT:C156056,http://purl.obolibrary.org/obo/NCIT_C156056,C156056,
ATP Bioluminescence Assay,"An analyte assay that detects ATP concentration via light output when luciferase catalyzes the oxidation of luciferin in the presence of ATP, commonly used as a measure of cell viability.",,,FALSE,,Assay,,OBI,,"Atp bioluminescence assay, ATP Bioluminescence assay",OBI:0002175,http://purl.obolibrary.org/obo/OBI_0002175,,
Affinity Purification Mass Spectrometry,"An analytical technique wherein ions are separated according to their ratio of charge to mass. From the mass spectrum produced, the atomic weight of the particle can be deduced.",,,FALSE,,Assay,,PubMed,,"Affinity purification mass spectrometry, AP-MS",pmid:22611051,https://pubmed.ncbi.nlm.nih.gov/22611051,,
Allograft,A graft transferred from a donor of one species to a recipient of the same species but different genetic makeup.,,,FALSE,,Assay,,,,,NCIT:C60701,http://purl.obolibrary.org/obo/NCIT_C60701,C60701,
Amplicon Sequencing,"A DNA sequencing technique that can differentiate cytosine from 5-methylcytosine in a DNA sample. First, a denatured DNA sample is treated with bisulfite which converts non-methylated cytosine to uracil. Next, the sample is amplified using a PCR method that does not discriminate between non-methylated and methylated sequences. The amplified DNA is subjected to nucleotide sequencing. The resulting sequence is compared to an identical control sample of DNA that was not treated with bisulfite. Unmethylated cytosines will be displayed as cytosines in the control sample and as thymines in the bisulfite-treated sample.",,,FALSE,,Assay,,EFO,,Amplicon sequencing,EFO:0003747,http://www.ebi.ac.uk/efo/EFO_0003747,,
Angiogenesis Assay,"An assay used to measure the formation of new blood vessels from existing vasculature, typically by quantifying endothelial cell tube formation, migration, or sprouting in vitro or in vivo.",,,FALSE,,Assay,,,,Angiogenesis assay,,,,
Apoptosis Assay,"An assay used to detect or quantify cells undergoing apoptosis (programmed cell death), commonly via markers such as caspase activity, Annexin V staining, or DNA fragmentation.",,,FALSE,,Assay,,ERO,,Apoptosis assay,ERO:0001182,http://purl.obolibrary.org/obo/ERO_0001182,,
Atomic Absorption Spectrophotometry,A technique utilizing a scanning probe to image and analyze the surface of a material with atomic-level resolution.,,,FALSE,,Assay,,BAO,,Atomic absorption spectrophotometry,BAO:0002529,http://www.bioassayontology.org/bao#BAO_0002529,,
Atomic Absorption Spectroscopy,"A spectrometric method that determines the type and concentration of metal elements in a sample, based upon the principle that each elemental metal absorbs a particular wavelength of ultraviolet light when exposed to heat.",,,FALSE,,Assay,,,,ATOMIC ABSORPTION SPECTROMETRY,NCIT:C85574,http://purl.obolibrary.org/obo/NCIT_C85574,C85574,
Atomic Force Microscopy,A technique utilizing a scanning probe to image and analyze the surface of a material with atomic-level resolution.,,,FALSE,,Assay,,,,"atomicForceMicroscopy, Atomic Force Microscopy, Scanning Force Microscopy",NCIT:C17754,http://purl.obolibrary.org/obo/NCIT_C17754,C17754,
Autoradiography,"A technique used to locate radioactively labeled molecules, or fragments of molecules, by recording on a photographic or sensor plate the radiation emitted by radioactive material within a molecule.",,,FALSE,,Assay,,,,,NCIT:C16314,http://purl.obolibrary.org/obo/NCIT_C16314,C16314,
Barcode-Seq,"A molecular genetic technique that combines chromatin immunoprecipitation (ChIP) with massively parallel DNA sequencing to map the binding sites of DNA-associated proteins in a sample of cells. First, crosslinked protein-DNA complexes are isolated using ChIP. Next, the crosslinks are broken, the proteins are removed and the purified DNA is modified with adaptor oligonucleotides to facilitate massively parallel DNA sequencing. Following sequencing, the DNA sequences that are obtained can be mapped to their genomic locations.",,,FALSE,,Assay,,EFO,,"Barcode-Seq, Barcode-seq",EFO:0008655,http://www.ebi.ac.uk/efo/EFO_0008655,,
Bicinchoninic Acid Assay,"A copper-based colorimetric assay for total protein quantification. This assay relies on the formation of a Cu2+-protein complex in a basic environment, followed by reduction of the Cu2+ to Cu+, causing a change of color from green to purple, with a strong absorbance at 562nm.",,,FALSE,,Assay,,BAO,,"BCA, Smith Assay",BAO:0002467,http://www.bioassayontology.org/bao#BAO_0002467,NCIt,
Binding Assay,"An assay that measures the interaction or binding affinity between two molecules, such as a ligand and its receptor or an antibody and its antigen.",,,FALSE,,Assay,,PubMed,,Binding assay,PMID:21115850,https://pubmed.ncbi.nlm.nih.gov/21115850,,
Bio-Layer Interferometry,A label-free optical technique that detects binding interactions by measuring shifts in the interference pattern of light reflected from a layer of immobilized biomolecules on a biosensor tip.,,,FALSE,,Assay,,OBI,,"BLI, Bio-layer interferometry",OBI:0002107,http://purl.obolibrary.org/obo/OBI_0002107,,Added by Rancho on 2/23/2022
Bioluminescence Imaging,An imaging technique that uses fluorescent dye to achieve the desired image.,,,FALSE,,Assay,,Wikipedia,,"Bioluminescence imaging, Bioluminescence Imaging",WIKIDATA:Q4915066,https://www.wikidata.org/wiki/Q4915066,,
Bisulfite Sequencing,"A DNA sequencing technique that can differentiate cytosine from 5-methylcytosine in a DNA sample. First, a denatured DNA sample is treated with bisulfite which converts non-methylated cytosine to uracil. Next, the sample is amplified using a PCR method that does not discriminate between non-methylated and methylated sequences. The amplified DNA is subjected to nucleotide sequencing. The resulting sequence is compared to an identical control sample of DNA that was not treated with bisulfite. Unmethylated cytosines will be displayed as cytosines in the control sample and as thymines in the bisulfite-treated sample.",,,FALSE,,Assay,,,,"MethylC-Seq, Bisulfite Sequencing, Bisulfite-Seq (sequencing following treatment of DNA with bisulfite to convert cytosine residues to uracil), BS-Seq, DNA Methylation Sequencing, Bisulfite-Seq, Methyl-C-Seq, Bisulphite Conversion Followed by Sequencing, bisulfiteSeq, Methylation Sequencing",NCIT:C106054,http://purl.obolibrary.org/obo/NCIT_C106054,C106054,
Brightfield Microscopy,Brightfield microscopy is a type of light microscopy in which objects are seen against a bright background.,,,FALSE,,Assay,,,,"Brightfield Analysis, brightfieldMicroscopy",NCIT:C19827,http://purl.obolibrary.org/obo/NCIT_C19827,C19827,
Brillouin Microscopy,The use of various technologies to resolve the structure or features of objects too small or fine to naturally be seen by eye.,,,FALSE,,Assay,,PubMed,,"Confocal Brillouin microscopy, Brillouin microscopy",PMID:29771749,https://pubmed.ncbi.nlm.nih.gov/29771749,,
CASFISH,"CRISPR/Cas9-mediated fluorescence in situ hybridization, a technique using a catalytically inactive Cas9 (dCas9) fused to a fluorescent tag to visualize specific genomic loci in fixed cells without denaturation.",,,FALSE,,Assay,,PMID,,"Casfish, Cas9-mediated Fluorescence In Situ Hybridization",PMID:26324940,https://pubmed.ncbi.nlm.nih.gov/26324940,,Added by Rancho on 2/23/2022
CITE-seq,"A molecular genetic technique that combines chromatin immunoprecipitation (ChIP) with massively parallel DNA sequencing to map the binding sites of DNA-associated proteins in a sample of cells. First, crosslinked protein-DNA complexes are isolated using ChIP. Next, the crosslinks are broken, the proteins are removed and the purified DNA is modified with adaptor oligonucleotides to facilitate massively parallel DNA sequencing. Following sequencing, the DNA sequences that are obtained can be mapped to their genomic locations.",,,FALSE,,Assay,,,,,EFO:0009294,http://www.ebi.ac.uk/efo/EFO_0009294,,
CLIP-qPCR,A technique combining crosslinking immunoprecipitation (CLIP) of an RNA-binding protein with quantitative PCR to identify and quantify specific bound RNA sequences.,,,FALSE,,Assay,,Article,,Clip-qpcr,PMID:26721479,https://pubmed.ncbi.nlm.nih.gov/26721479,,
CRISPR,"A genome-editing and functional-screening technology based on the Clustered Regularly Interspaced Short Palindromic Repeats (CRISPR)-Cas system, used here as a general assay category for CRISPR-based perturbation experiments.",,,FALSE,,Assay,,,,"CRISPER-Cas9 technique, Crispr, CRISPR-CAS9",,,,
CUT&RUN,"Cleavage Under Targets and Release Using Nuclease (CUT&RUN), a method for mapping DNA-protein interactions using an antibody-targeted nuclease to selectively cleave DNA near a bound protein.",,,FALSE,,Assay,,,,"Cut&run, CUT&RUN",EFO:0009973,http://www.ebi.ac.uk/efo/EFO_0009973,,
CUT&Tag-Sequencing,"Cleavage Under Targets and Tagmentation (CUT&Tag), a chromatin profiling method that uses antibody-targeted tagmentation to map the genome-wide location of a protein of interest.",,,FALSE,,Assay,,Wikipedia,,"cleavage under targets and tagmentation, Cut&tag-sequencing",EFO:0920004,http://www.ebi.ac.uk/efo/EFO_0920004,,Rancho added 03/01/2022
Cell Adhesion Assay,"Any method to measure the number of dividing cells in a culture, or to measure the change in the proportion of cells that are dividing.",,,FALSE,,Assay,,ERO,,Cell adhesion assay,ERO:0001512,http://purl.obolibrary.org/obo/ERO_0001512,,
Cell Proliferation Assay,"Any method to measure the number of dividing cells in a culture, or to measure the change in the proportion of cells that are dividing.",,,FALSE,,Assay,,,,"EdU Cell Proliferation Assay, CELLULAR PROLIFERATION ASSAY, Cell Proliferation Assay",NCIT:C116553,http://purl.obolibrary.org/obo/NCIT_C116553,C116553,
Cell Viability Assay,A colorimetric assay that can assess the viability of cells by quantitation of the reduction of a yellow tetrazolium salt substrate to a product that has a purple color. This assay can measure the cytotoxicity of a chemical or drug by determining the affect of treatment on cell viability.,,,FALSE,,Assay,,ERO,,"Cell viability assay, In Vitro Cell Survival Assay, In vitro Cell Survival Assay",ERO:000132,http://purl.obolibrary.org/obo/ERO_000132,,
Cell-spreading Assay,"Any method to measure the number of dividing cells in a culture, or to measure the change in the proportion of cells that are dividing.",,,FALSE,,Assay,,pubMed,,Cell-spreading assay,PMID:15576905,https://pubmed.ncbi.nlm.nih.gov/15576905,,
CellTiter-Glo Luminescent Cell Viability Assay,A colorimetric assay that can assess the viability of cells by quantitation of the reduction of a yellow tetrazolium salt substrate to a product that has a purple color. This assay can measure the cytotoxicity of a chemical or drug by determining the affect of treatment on cell viability.,,,FALSE,,Assay,,BAO,,"CellTiter-Glo Assay, Celltiter-glo luminescent cell viability assay",BAO:0000682,http://www.bioassayontology.org/bao#BAO_0000682,,Added by Brynn 05-09-2022
Cerenkov Luminescence Imaging,"An imaging modality to study charged particles in tissue by detecting the Cerenkov luminescence produced, allowing the imaging of beta-emitting nuclear medicine probes by optical methods.",,,FALSE,,Assay,,,,"CLI, Cherenkov Imaging, Cerenkov Imaging",NCIT:C151895,http://purl.obolibrary.org/obo/NCIT_C151895,C151895,
ChIA-PET,A molecular genetic technique that combines chromatin immunoprecipitation (ChIP) with paired end tagged (PET) DNA sequencing to identify the nucleotide sequences for the binding sites occupied by DNA-associated proteins in a sample.,,,FALSE,,Assay,,,,"Chia-pet, ChIA-PET (Direct sequencing of proximity-ligated chromatin immunoprecipitates)., ChIA-PET, Chromatin Interaction Analysis with Paired-End Tag",NCIT:C172845,http://purl.obolibrary.org/obo/NCIT_C172845,C172845,
ChIP-PCR,"A molecular genetic technique that combines chromatin immunoprecipitation (ChIP) with massively parallel DNA sequencing to map the binding sites of DNA-associated proteins in a sample of cells. First, crosslinked protein-DNA complexes are isolated using ChIP. Next, the crosslinks are broken, the proteins are removed and the purified DNA is modified with adaptor oligonucleotides to facilitate massively parallel DNA sequencing. Following sequencing, the DNA sequences that are obtained can be mapped to their genomic locations.",,,FALSE,,Assay,,,,Chip-pcr,ECO:0000227,http://purl.obolibrary.org/obo/ECO_0000227,,
ChIP-Seq,"A molecular genetic technique that combines chromatin immunoprecipitation (ChIP) with massively parallel DNA sequencing to map the binding sites of DNA-associated proteins in a sample of cells. First, crosslinked protein-DNA complexes are isolated using ChIP. Next, the crosslinks are broken, the proteins are removed and the purified DNA is modified with adaptor oligonucleotides to facilitate massively parallel DNA sequencing. Following sequencing, the DNA sequences that are obtained can be mapped to their genomic locations.",,,FALSE,,Assay,,,,"Chromatin Immunoprecipitation Sequencing, ChIP-Seq, ChIP-Seq (chromatin ImmunoPrecipitation), ChIP-Sequencing",NCIT:C106048,http://purl.obolibrary.org/obo/NCIT_C106048,C106048,
ChIP-qPCR assay,"A molecular genetic technique that combines chromatin immunoprecipitation (ChIP) with massively parallel DNA sequencing to map the binding sites of DNA-associated proteins in a sample of cells. First, crosslinked protein-DNA complexes are isolated using ChIP. Next, the crosslinks are broken, the proteins are removed and the purified DNA is modified with adaptor oligonucleotides to facilitate massively parallel DNA sequencing. Following sequencing, the DNA sequences that are obtained can be mapped to their genomic locations.",,,FALSE,,Assay,,OBI,,Chip-qpcr assay,OBI:0002169,http://purl.obolibrary.org/obo/OBI_0002169,,
Chemiluminescent Assay,An assay that detects or quantifies an analyte by measuring light emitted from a chemiluminescent reaction.,,,FALSE,,Assay,,PubMed,,Chemiluminescent assay,PMID:28647912,https://pubmed.ncbi.nlm.nih.gov/28647912,,Rancho added 1/7/2022
Chemotaxis Assay,An assay that measures the directional movement of cells in response to a chemical gradient (chemoattractant or chemorepellent).,,,FALSE,,Assay,,BAO,,Chemotaxis assay,BAO:0010269,http://www.bioassayontology.org/bao#BAO_0010269,,
Circular Dichroism Spectroscopy,"The technique of measuring the emission and absorption of different wavelengths (spectra) of visible and non-visible light. This can be done via a spectroscope, which consists of a slit, prism, collimator lens, object lens, and a grating.",,,FALSE,,Assay,,CHMO,,Circular dichroism spectroscopy,CHMO:0000323,http://purl.obolibrary.org/obo/CHMO_0000323,,Rancho added 1/7/2022
Co-Immunoprecipitation,"Co-immunoprecipitation (Co-IP) is a popular technique for protein interaction discovery. In a co-IP the target antigen precipitated by the antibody ""co-precipitates"" a binding partner/protein complex from a lysate. It is assumed that these proteins are related to the function of the target antigen at the cellular level.",,,FALSE,,Assay,,,,Co-IP,NCIT:C19830,http://purl.obolibrary.org/obo/NCIT_C19830,C19830,
Co-culture Assay,An assay in which two or more distinct cell types are cultured together to study their interactions.,,,FALSE,,Assay,,pubMed,,Co-culture assay,PMID:4032528,https://pubmed.ncbi.nlm.nih.gov/4032528,,
Collision-Induced Dissociation,A method by which fragmentation can be achieved.  CID is accomplished by selecting an ion of interest with the mass analyzer and then subjecting that ion to collisions with neutral atoms or molecules.  The resulting fragment ions are then mass analyzed. (from The Expanding Role of Mass Spectrometry in Biotechnology by Gary Siuzdak),,,FALSE,,Assay,,,,"CID, Collisionally-Activated Dissociation, CAD",NCIT:C48061,http://purl.obolibrary.org/obo/NCIT_C48061,C48061,Added by 03/01/2022
Colorimetric Cell Viability Assay,A colorimetric assay that can assess the viability of cells by quantitation of the reduction of a yellow tetrazolium salt substrate to a product that has a purple color. This assay can measure the cytotoxicity of a chemical or drug by determining the affect of treatment on cell viability.,,,FALSE,,Assay,,,,"cellViabilityAssay, Colorimetric Cell Viability Assay, MTS Assay, MTT Assay",NCIT:C95027,http://purl.obolibrary.org/obo/NCIT_C95027,C95027,
Computational Modeling,"The use of statistical analysis, computer analysis, or model organisms to predict outcomes of research. (doegenomes.org)",,,FALSE,,Assay,,,,Simulation,NCIT:C16461,http://purl.obolibrary.org/obo/NCIT_C16461,C16461,
Computational Tool,"A computer program or algorithm used to process, analyze, or interpret biological or experimental data.",,,FALSE,,Assay,,,,"computational modeling, Computational tool, iterClust, which can separate more pronounced differences (e.g. A and B) in starting iterations, metaVIPER, GPU-ARACNE, computational, an iterative clustering framework, followed by relatively subtle differences (e.g. B1 and B2), providing a comprehensive clustering trajectory., Meta-analysis",mesh:D012984,http://id.nlm.nih.gov/mesh/D012984,,
Computed Tomography,An imaging technique for examining structures within the body by scanning them with X rays and using a computer to construct a series of cross-sectional scans along a single axis.,,,FALSE,,Assay,,,,"CAT scan, computed tomography, CT, Computerized Axial Tomography, Computed Axial Tomography, Computed Tomography, CAT Scan, CT Scan, computed tomography; CT, CT SCAN, CAT, tomography, Computerized Tomography, computerized axial tomography, CT scan, computerized tomography",NCIT:C17204,http://purl.obolibrary.org/obo/NCIT_C17204,C17204,
Confocal Microscopy,A system of (usually) epifluorescence light microscopy in which a fine laser beam of light is scanned over the object through the objective lens. This technique is particularly good at rejecting light from outside the plane of focus and so produces higher effective resolution than other microscopy techniques.,,,FALSE,,Assay,,,,"3D Confocal Microscopy, Confocal Fluorescence, Confocal Laser Scanning Microscopy, confocal imaging, Confocal Microscopy, CONFOCAL MICROSCOPY",NCIT:C17753,http://purl.obolibrary.org/obo/NCIT_C17753,C17753,
Confocal Reflectance Quantitative Phase Microscopy,A system of (usually) epifluorescence light microscopy in which a fine laser beam of light is scanned over the object through the objective lens. This technique is particularly good at rejecting light from outside the plane of focus and so produces higher effective resolution than other microscopy techniques.,,,FALSE,,Assay,,,,Confocal reflectance quantitative phase microscopy,mesh:D000097913,http://id.nlm.nih.gov/mesh/D000097913,,
Cross-Linking Immunoprecipitation High-throughput Sequencing,"A molecular biology method combining crosslinking-immunoprecipitation and high-throughput sequencing techniques to detect and map RNA-protein interactions. In CLIP, whole tissues, organisms or individual cell types are treated with UV irradiation, which introduces covalent bonds between RNA-protein complexes. This is followed by immunoprecipitation and removal of the protein component of the crosslinked complex. The purified RNAs are then fragmented, reduced in size and subjected to high-throughput sequencing for the identification of RNA binding sites.",,,FALSE,,Assay,,,,"Cross-linking Immunoprecipitation High-throughput Sequencing, Cross-linking immunoprecipitation high-throughput sequencing",NCIT:C116152,http://purl.obolibrary.org/obo/NCIT_C116152,C116152,
Cross-Linking Mass Spectrometry,"An analytical technique wherein ions are separated according to their ratio of charge to mass. From the mass spectrum produced, the atomic weight of the particle can be deduced.",,,FALSE,,Assay,,,,"Cross-linking mass spectrometry, Cross-linking Mass Spectrometry , XL-MS",PRIDE:0000430,http://purl.obolibrary.org/obo/PRIDE_0000430,,
Cyclic Immunofluorescence,A method that enables simultaneous detection of multiple biomarkers on a single tissue section using immunofluorescence techniques.,,,FALSE,,Assay,,PubMed,,"Cyclic immunofluorescence, cycIF",PMID:27925668,https://pubmed.ncbi.nlm.nih.gov/27925668,,
Cytochemical Stain,A staining technique used to visualize specific chemical components or structures within cells or tissues under a microscope.,,,FALSE,,Assay,,UMLS,,Cytochemical stain,UMLS:C4511272,https://uts.nlm.nih.gov/uts/umls/concept/C4511272,,
Cytokine Expression Profile,The identification and quantitation of all of the cytokines expressed in a biological sample.,,,FALSE,,Assay,,,,"C5, Cytokine Profile",NCIT:C129886,http://purl.obolibrary.org/obo/NCIT_C129886,C129886,
Cytometric Bead Array Assay,"An analyte assay in which a series of beads coated with antibodies, antigens, or other capture molecules are used in combination with flow cytometry to detect multiple analytes simultaneously.",,,FALSE,,Assay,,OBI,,Cytometric bead array assay,OBI:0000920,http://purl.obolibrary.org/obo/OBI_0000920,,
Cytotoxicity Assay,"An assay that measures the degree to which a substance or treatment is toxic to cells, typically assessed via cell viability, membrane integrity, or metabolic activity.",,,FALSE,,Assay,,BAO,,"Cytotoxicity assay, In Vitro Cytotoxicity",BAO:0002993,http://www.bioassayontology.org/bao#BAO_0002993,,
DBiT-Seq,"A molecular genetic technique that combines chromatin immunoprecipitation (ChIP) with massively parallel DNA sequencing to map the binding sites of DNA-associated proteins in a sample of cells. First, crosslinked protein-DNA complexes are isolated using ChIP. Next, the crosslinks are broken, the proteins are removed and the purified DNA is modified with adaptor oligonucleotides to facilitate massively parallel DNA sequencing. Following sequencing, the DNA sequences that are obtained can be mapped to their genomic locations.",,,FALSE,,Assay,,PubMed,,"Microfluidic Deterministic Barcoding in Tissue for Spatial Omics Sequencing, Dbit-seq",PMID:33188776,https://pubmed.ncbi.nlm.nih.gov/33188776,,Rancho added 03/01/2022
DNA Gene-Expression Microarray,"A process that allows thousands of pieces of DNA that are fixed to a glass slide to be analyzed at one time. It is used to identify the genes (pieces of DNA) in specific cells or tissue that are actively used to make RNA, which then may be used to make proteins.",,,FALSE,,Assay,,,,"Gene Expression Profiling Microarray, Expression Array",NCIT:C93207,http://purl.obolibrary.org/obo/NCIT_C93207,C93207,
DNA Methylation Array,The use of a high-throughput microarray where all of the known CpG islands either in a single specimen or all of the known promoter sequences of a specimen or a population group are coupled to beads or microwells to determine which are methylated.,,,FALSE,,Assay,,,,"Methylation Profiling by Array, methylationArray, Methylation Array",NCIT:C165222,http://purl.obolibrary.org/obo/NCIT_C165222,C165222,
DNA Sequencing,The determination of the sequence of purines and pyrimidines in deoxyribonucleic acid (DNA).,,,FALSE,,Assay,,,,"Deoxyribonucleic Acid Sequencing, DNA-seq, DNA Sequence Analysis, DNA Sequencing",NCIT:C153598,http://purl.obolibrary.org/obo/NCIT_C153598,C153598,
DNase-Seq,A molecular genetic technique where genome-wide sequencing is performed on DNA regions that are super sensitive to cleavage by DNase I to identify putative DNA regulatory sequences.,,,FALSE,,Assay,,,,"DNase I Hypersensitive Sites Sequencing, Dnase-seq, DNase-Hypersensitivity (sequencing of hypersensitive sites or segments of open chromatin that are more readily cleaved by DNaseI)",NCIT:C106052,http://purl.obolibrary.org/obo/NCIT_C106052,C106052,
DRIP-seq,"A molecular genetic technique that combines chromatin immunoprecipitation (ChIP) with massively parallel DNA sequencing to map the binding sites of DNA-associated proteins in a sample of cells. First, crosslinked protein-DNA complexes are isolated using ChIP. Next, the crosslinks are broken, the proteins are removed and the purified DNA is modified with adaptor oligonucleotides to facilitate massively parallel DNA sequencing. Following sequencing, the DNA sequences that are obtained can be mapped to their genomic locations.",,,FALSE,,Assay,,,,,,,,
Dark Field Microscopy,A microscopic technique in which the light that does not come into contact with the structure or details of interest is subtracted from the ocular image. This yields an image in which the structure or details are alight while the areas where the structures or details are absent are dark.,,,FALSE,,Assay,,,,"DARK FIELD MICROSCOPY, Dark field microscopy",NCIT:C85837,http://purl.obolibrary.org/obo/NCIT_C85837,C85837,
Deep Mutational Scanning,"Technique of electron microscopy in which the specimen is coated with heavy metal and then scanned by an electron beam. The resolution is not as great as with transmission electron microscopy, but preparation is easier (often by fixation followed by critical point drying), the depth of focus is relatively enormous, the surface of a specimen can be seen (though not the interior unless the specimen is cracked open) and the image is aesthetically pleasing.",,,FALSE,,Assay,,,,"Deep mutational scanning, DMS",EFO:0010039,http://www.ebi.ac.uk/efo/EFO_0010039,,
Desorption Electrospray Ionization,"An ionization method in which charged solvent droplets are sprayed at a sample surface under ambient conditions, desorbing and ionizing surface molecules for direct mass spectrometric analysis.",,,FALSE,,Assay,,CHMO,,"Desorption Electrospray Ionization Mass Spectrometry, Desorption electrospray ionization",CHMO:0001660,http://purl.obolibrary.org/obo/CHMO_0001660,,
Dideoxy Chain Termination DNA Sequencing,"A DNA sequencing technique in which a mixture of deoxynucleosidetriphosphates (dNTPs) and chain-terminating dNTPs, which are radioactively or fluorescently labeled, are combined within the reaction mixture. Once the reaction is complete, the DNA strands are separated by size, and the labeled chain terminating dNTPs can be read in sequence by the investigator or by a machine.",,,FALSE,,Assay,,,,"Sanger sequencing, Sanger Sequencing, SANGER SEQUENCING",NCIT:C19641,http://purl.obolibrary.org/obo/NCIT_C19641,C19641,
Differential Interference Contrast Microscopy,The use of various technologies to resolve the structure or features of objects too small or fine to naturally be seen by eye.,,,FALSE,,Assay,,BAO,,Differential interference contrast microscopy,BAO:0002511,http://www.bioassayontology.org/bao#BAO_0002511,,
Differential Scanning Fluorimetry,"Technique of electron microscopy in which the specimen is coated with heavy metal and then scanned by an electron beam. The resolution is not as great as with transmission electron microscopy, but preparation is easier (often by fixation followed by critical point drying), the depth of focus is relatively enormous, the surface of a specimen can be seen (though not the interior unless the specimen is cracked open) and the image is aesthetically pleasing.",,,FALSE,,Assay,,,,Differential scanning fluorimetry,ECO:0006334,http://purl.obolibrary.org/obo/ECO_0006334,,
Diffusion Weighted Imaging,A type of MRI technique in which diffusion-sensitizing gradients are applied to the imaging sequence.,,,FALSE,,Assay,,,,"MR Diffusion-Weighted Imaging, DWI-MRI, DIFFUSION WEIGHTED MRI, DWI MRI, Diffusion Weighted MRI, DWI, DW-MRI, Diffusion-Weighted MRI, Diffusion-Weighted Magnetic Resonance Imaging, Diffusion-Weighted MR Imaging",NCIT:C111116,http://purl.obolibrary.org/obo/NCIT_C111116,C111116,
Direct Long-Read RNA Sequencing,A sequencing method that determines RNA sequence directly from long native RNA molecules without prior conversion to cDNA.,,,FALSE,,Assay,,,,Direct long-read rna sequencing,OBI:0002629,http://purl.obolibrary.org/obo/OBI_0002629,,
Drop-Seq,"A molecular genetic technique that combines chromatin immunoprecipitation (ChIP) with massively parallel DNA sequencing to map the binding sites of DNA-associated proteins in a sample of cells. First, crosslinked protein-DNA complexes are isolated using ChIP. Next, the crosslinks are broken, the proteins are removed and the purified DNA is modified with adaptor oligonucleotides to facilitate massively parallel DNA sequencing. Following sequencing, the DNA sequences that are obtained can be mapped to their genomic locations.",,,FALSE,,Assay,,EFO,,"Droplet Sequencing, Drop-seq",EFO:0008722,http://www.ebi.ac.uk/efo/EFO_0008722,,
Droplet Digital PCR,"A type of digital polymerase chain reaction technique in which the sample is fractionated into thousands of tiny droplets using a water-oil emulsion droplet technology, within which individual PCR reactions occur in each droplet.",,,FALSE,,Assay,,,,"DROPLET DIGITAL PCR, ddPCR, Droplet digital PCR, Droplet digital pcr",NCIT:C166064,http://purl.obolibrary.org/obo/NCIT_C166064,C166064,
Dual-Luciferase Reporter Assay,An assay that uses two different luciferase reporter enzymes (typically firefly and Renilla) to simultaneously measure experimental and internal-control reporter gene expression within the same sample.,,,FALSE,,Assay,,,,Dual-luciferase reporter assay,BAO:0000680,http://www.bioassayontology.org/bao#BAO_0000680,,
Dye Endocytosis Assay,An assay that measures cellular endocytic activity by quantifying the uptake of a fluorescent or otherwise detectable dye into cells.,,,FALSE,,Assay,,,,"Dye Endocytosis assay, Dye endocytosis assay",,,,
Dynamic Contrast-Enhanced Magnetic Resonance Imaging,A type of contrast-enhanced MRI that allows observation of functional properties in addition to structural properties.,,,FALSE,,Assay,,,,"DYNAMIC CONTRAST ENHANCED MRI, DCE MRI, DCE, DCE-MRI",NCIT:C62665,http://purl.obolibrary.org/obo/NCIT_C62665,C62665,
Dynamic Force Spectroscopy,"The technique of measuring the emission and absorption of different wavelengths (spectra) of visible and non-visible light. This can be done via a spectroscope, which consists of a slit, prism, collimator lens, object lens, and a grating.",,,FALSE,,Assay,,CHMO,,Dynamic force spectroscopy,CHMO:0001122,http://purl.obolibrary.org/obo/CHMO_0001122,,
Dynamic Light Scattering,"A type of spectroscopy that utilizes a laser beam to irradiate a sample containing particles in suspension, resulting in light scattering. Rapid fluctuations in scattering intensity, around a mean value at a certain angle, occur because of particle diffusion and are dependent upon on particle size. The calculated correlation function yields a diffusion coefficient, for a given temperature and viscosity, which can be used to calculate particle size.",,,FALSE,,Assay,,,,"Dynamic light scattering, Photon Correlation Spectroscopy, DYNAMIC LIGHT SCATTERING, Quasi-elastic Light Scattering, PCS, DLS, Quasi-Elastic Light Scattering",NCIT:C62329,http://purl.obolibrary.org/obo/NCIT_C62329,C62329,
Dynamic Susceptibility Contrast-Enhanced Magnetic Resonance Imaging,"A type of magnetic resonance imaging that uses the transient signal reduction induced by the first pass of gadolinium chelate through the brain vessels to calculate cerebral blood flow maps, and to determine the ratio between the cerebral blood volume in the lesion and the cerebral blood volume in normal tissue.",,,FALSE,,Assay,,,,"DYNAMIC SUSCEPTIBILITY-CONTRAST MRI, Dynamic Susceptibility Contrast-Enhanced MRI, DSC, DSC-MRI",NCIT:C116453,http://purl.obolibrary.org/obo/NCIT_C116453,C116453,
ELISA,"A type of enzyme immunoassay in which an antigen or antibody is bound to a solid substrate (e.g., microplate or beads) and interacts with an enzyme-linked antibody or antigen in solution.",,,FALSE,,Assay,,,,"Enzyme-linked Immunosorbent Assay, enzyme-linked immunosorbent assay",NCIT:C16553,http://purl.obolibrary.org/obo/NCIT_C16553,C16553,
Efferocytosis Assay,An assay that measures the phagocytic clearance of apoptotic cells by phagocytes (efferocytosis).,,,FALSE,,Assay,,PMID,,Efferocytosis assay,PMID:27815871,https://pubmed.ncbi.nlm.nih.gov/27815871,,
Electron Diffraction,Any form of microscopy in which the interactions of electrons with the specimens are used to provide information about the final structure of that specimen.,,,FALSE,,Assay,,CMO,,Electron diffraction,CHMO:0000142,http://purl.obolibrary.org/obo/CHMO_0000142,,
Electron Microscopy,Any form of microscopy in which the interactions of electrons with the specimens are used to provide information about the final structure of that specimen.,,,FALSE,,Assay,,,,Electron microscopy,NCIT:C16854,http://purl.obolibrary.org/obo/NCIT_C16854,C16854,
Electron Paramagnetic Resonance Spectroscopy,"The technique of measuring the emission and absorption of different wavelengths (spectra) of visible and non-visible light. This can be done via a spectroscope, which consists of a slit, prism, collimator lens, object lens, and a grating.",,,FALSE,,Assay,,ERO,,"Electron spin resonance (ESR) spectroscopy, EPR spectroscopy",ERO:0001093,http://purl.obolibrary.org/obo/ERO_0001093,,
Electrophoretic Mobility Shift Assay,A molecular biology technique used to detect the interaction of a DNA binding protein with its cognate binding sequence.  Labeled DNAs were reacted with crude cell extracts and the complexes are run through a non-denaturing polyacrylamide gel.  The migration of the labeled DNA through the gel will be slower by being bound.  This shift in electrophoretic mobility indicates functional binding between the protein and the DNA.,,,FALSE,,Assay,,,,"EMSA, Electrophoretic Mobility Shift Assay, Gel Shift Assay",NCIT:C19362,http://purl.obolibrary.org/obo/NCIT_C19362,C19362,
Electrospray Ionization Time-of-Flight Mass Spectrometry,"An analytical technique wherein ions are separated according to their ratio of charge to mass. From the mass spectrum produced, the atomic weight of the particle can be deduced.",,,FALSE,,Assay,,CHMO,,Electrospray ionization time-of-flight mass spectrometry,CHMO:0000736,http://purl.obolibrary.org/obo/CHMO_0000736,,
Endotoxin Assay,An assay to detect and quantify endotoxin in a sample.,,,FALSE,,Assay,,,,Endotoxin assay,NCIT:C223372,http://purl.obolibrary.org/obo/NCIT_C223372,C223372,
Energy-Dispersive X-Ray Spectroscopy,A technique in crystallography in which the pattern produced by the diffraction of x-rays through the closely spaced lattice of atoms in a crystal is recorded and then analyzed to reveal the nature of that lattice.,,,FALSE,,Assay,,,,"Energy-dispersive x-ray spectroscopy, Energy-dispersive X-ray spectroscopy",NCIT:C78869,http://purl.obolibrary.org/obo/NCIT_C78869,C78869,
Enzyme Activity Assay,A procedure performed outside the living body to measure the catalytic activity of an enzyme.,,,FALSE,,Assay,,MMO,,"Lipoprotein Lipase Activity Assays, Enzyme activity assay",MMO:0000444,http://purl.obolibrary.org/obo/MMO_0000444,,
Enzyme-Linked Immunospot Assay,"A cytometry-based assay in which cells are cultured on a surface coated with a capture antibody for a secreted analyte, which is then detected as discrete spots corresponding to individual secreting cells.",,,FALSE,,Assay,,OBI,,"ELISOPOT (enzyme-linked immunospot) assay; ELISpot, Enzyme-linked immunospot assay",OBI:0600031,http://purl.obolibrary.org/obo/OBI_0600031,,
Epidemiological Method,"Epidemiological methods involve sophisticated statistics and higher mathematics.  These methods allow epidemiologists to address issues like non-experimental studies of mechanistic questions in disease etiology, including studies of the impact of the social position of individuals in different social contexts.",,,FALSE,,Assay,,,,"Epidemiology, Method, Epidemiological method, Epidemiological Technique, Epidemiological Method",NCIT:C16555,http://purl.obolibrary.org/obo/NCIT_C16555,C16555,
FAIRE-Seq,"A molecular genetic technique that depletes a biological sample of nucleosomal DNA and then subjects the non-nucleosome-associated DNA to next-generation sequencing. Since nucleosome disruption of chromatin is indicative of active sites of DNA transcription, this technique can isolate DNA sequences that are involved in transcriptional regulation. First, a sample is treated with formaldehyde to form DNA-protein crosslinks, followed by sample lysis and sonication. The processed sample is subjected to phenol/chloroform extraction and the DNA in the aqueous phase is analyzed using next-generation sequencing techniques.",,,FALSE,,Assay,,,,"Formaldehyde-Assisted Isolation of Regulatory Elements Sequencing, Faire-seq",NCIT:C106051,http://purl.obolibrary.org/obo/NCIT_C106051,C106051,
FISH,"Any jawed or jawless organisms in the phylum Chordata including the jawless fish, armored fish, cartilaginous fish, ray-finned fish and lobe-finned fish.",,,FALSE,,Assay,,,,"RNA -FISH analysis, RNA FISH imaging",NCIT:C17563,http://purl.obolibrary.org/obo/NCIT_C17563,C17563,
Flow Cytometry,"A technique for counting, examining or sorting microscopic particles suspended in a stream of fluid. The cells are placed in a fluid (with or without light-sensitive dye) and passed in a stream before a laser or other type of light.",,,FALSE,,Assay,,,,"Flow cytometry, flow cytometry, FLOW CYTOMETRY",NCIT:C16585,http://purl.obolibrary.org/obo/NCIT_C16585,C16585,
Fluorescence Activated Cell Sorting,Selection and deposition of individual cells of a particular phenotype from a mixed population into a separate tube or tissue culture plate by the use of a fluorescence-activated cell sorter (FACS) and fluorescently-labeled antibodies specific for surface molecules on the cells to be sorted.,,,FALSE,,Assay,,,,"Fluorescence Activated Cell Sorting, FACS, Fractionation, Fluorescence Activated Cell Sorting, Fluorescence activated cell sorting",NCIT:C17353,http://purl.obolibrary.org/obo/NCIT_C17353,C17353,
Fluorescence Correlation Spectroscopy,"The technique of measuring the emission and absorption of different wavelengths (spectra) of visible and non-visible light. This can be done via a spectroscope, which consists of a slit, prism, collimator lens, object lens, and a grating.",,,FALSE,,Assay,,CHMO,,Fluorescence correlation spectroscopy,CHMO:0000288,http://purl.obolibrary.org/obo/CHMO_0000288,,
Fluorescence Imaging,An imaging technique that uses fluorescent dye to achieve the desired image.,,,FALSE,,Assay,,,,"Fluorescence Imaging, Fluorescence imaging",NCIT:C116489,http://purl.obolibrary.org/obo/NCIT_C116489,C116489,
Fluorescence Lifetime Imaging Microscopy,An imaging technique that produces spatially resolved images based on the differences in the excited state decay rates of fluorescent compounds in a sample.,,,FALSE,,Assay,,,,"FLIM, Fluorescence Lifetime Imaging Microscopy, FLUORESCENT LIFETIME IMAGING MICROSCOPY",NCIT:C154786,http://purl.obolibrary.org/obo/NCIT_C154786,C154786,Rancho added 1/7/22
Fluorescence Microscopy,"The use of a special microscope to see objects that give off fluorescent light. For example, cells or tissue can be treated with a substance that contains a fluorescent dye. The dye lights up when viewed under a microscope with a special light.",,,FALSE,,Assay,,,,"Fluorescence microscopy, FLUORESCENT MICROSCOPY, Microscopy, Light, Fluorescence, Fluorescence Microscopy, fluorescence microscopy, Fluorescence Light Microscopy",NCIT:C16856,http://purl.obolibrary.org/obo/NCIT_C16856,C16856,
Fluorescence Recovery After Photo-Bleaching,"The use of a special microscope to see objects that give off fluorescent light. For example, cells or tissue can be treated with a substance that contains a fluorescent dye. The dye lights up when viewed under a microscope with a special light.",,,FALSE,,Assay,,CHMO,,"Fluorescence recovery after photo-bleaching, FRAP",CHMO:0000065,http://purl.obolibrary.org/obo/CHMO_0000065,,
Fluorescent Antibody Procedure,An immunological procedure in which the antibodies are coupled with molecules which fluoresce under ultra violet (UV) light. This makes them particularly suitable for detection of specific antigens in tissues or on cells.,,,FALSE,,Assay,,,,"Immunofluorescence, immunofluorescence, Immunologic, Immunofluorescence, FLUORESCENT IMMUNOASSAY, Fluorescent Antibody Procedure, Quantitative Immunofluorescence, Immunofluorescence Assay, Fluorescent Antibody Assay",NCIT:C17370,http://purl.obolibrary.org/obo/NCIT_C17370,C17370,
Fluorescent Cell Barcoding,An immunological procedure in which the antibodies are coupled with molecules which fluoresce under ultra violet (UV) light. This makes them particularly suitable for detection of specific antigens in tissues or on cells.,,,FALSE,,Assay,,PMID,,Fluorescent cell barcoding,PMID:33960644,https://pubmed.ncbi.nlm.nih.gov/33960644,,
Fluorescent In Situ Sequencing,"Use of a DNA or RNA probe to detect the presence of complementary sequences in chromosomes, cells, or tissues. (NCI)",,,FALSE,,Assay,,EFO,,"FISSEQ, Fluorescent in situ sequencing, Fluorescent In Situ Sequencing of RNA",EFO:0008990,http://www.ebi.ac.uk/efo/EFO_0008990,,
Focused Ion Beam Scanning Electron Microscopy,"Technique of electron microscopy in which the specimen is coated with heavy metal and then scanned by an electron beam. The resolution is not as great as with transmission electron microscopy, but preparation is easier (often by fixation followed by critical point drying), the depth of focus is relatively enormous, the surface of a specimen can be seen (though not the interior unless the specimen is cracked open) and the image is aesthetically pleasing.",,,FALSE,,Assay,,,,Focused ion beam scanning electron microscopy,FBbi:00050000,http://purl.obolibrary.org/obo/FBbi_00050000,,
Forster Resonance Energy Transfer,A method for determining the distance between two molecules by measuring the energy transfer between two chromophores (a donor and an acceptor) in close proximity.,,,FALSE,,Assay,,,,,CHMO:0000062,http://purl.obolibrary.org/obo/CHMO_0000062,,
Fourier Transform Ion Cyclotron Resonance Mass Spectrometry,A type of mass spectrometry that uses the cyclotron frequency of ions in a fixed magnetic field to determine their ionic mass-to-charge ratio.,,,FALSE,,Assay,,,,"Fourier transform ion cyclotron resonance mass spectrometry, Fourier Transform Ion Cyclotron Resonance Mass Spectrometry",NCIT:C116571,http://purl.obolibrary.org/obo/NCIT_C116571,C116571,
Fourier-Transform Infrared Spectroscopy,A type of mass spectrometry that uses the cyclotron frequency of ions in a fixed magnetic field to determine their ionic mass-to-charge ratio.,,,FALSE,,Assay,,CHMO,,Fourier-transform infrared spectroscopy,CHMO:0000636,http://purl.obolibrary.org/obo/CHMO_0000636,,
Gas Chromatography Mass Spectrometry,"An analytical technique wherein gas chromatography is coupled to mass spectrometry in order to separate, identify, and quantify substances in a sample.",,,FALSE,,Assay,,,,"Gas Chromatography/Mass Spectrometry, GC/MS",NCIT:C111203,http://purl.obolibrary.org/obo/NCIT_C111203,C111203,
Gelatin Zymography,An SDS-PAGE based procedure used to identify matrix metalloproteinases.,,,FALSE,,Assay,,,,"Gelatin zymography, Gelatin Substrate Zymography",NCIT:C19835,http://purl.obolibrary.org/obo/NCIT_C19835,C19835,
Genotyping,The determination of the nucleotide sequence of the genetic material at a specific locus.,,,FALSE,,Assay,,,,"GENOTYPE, Genotype Analysis, Genotype Assay",NCIT:C45447,http://purl.obolibrary.org/obo/NCIT_C45447,C45447,
Global Chromatin Profiling,A type of epigenetic modification assay that uses targeted quantitative mass spectrometry to profile post-translational modifications of core histone proteins in chromatin.,,,FALSE,,Assay,,OBI,,"Global chromatin profiling, global chromatin profiling by mass spectrometry assay",OBI:0002961,http://purl.obolibrary.org/obo/OBI_0002961,,Added by Brynn 5/3/2022 for DeepDive Data
Global Run-On Sequencing,"Global run-on sequencing (GRO-seq), a sequencing-based assay derived from nuclear run-on assays that maps the position and orientation of actively transcribing RNA polymerases genome-wide.",,,FALSE,,Assay,,EFO,,"GRO-seq, Global run-on sequencing",EFO:0005227,http://www.ebi.ac.uk/efo/EFO_0005227,,
Graphite Furnace Atomic Absorption Spectrometry,A technique utilizing a scanning probe to image and analyze the surface of a material with atomic-level resolution.,,,FALSE,,Assay,,CHMO,,"GFAAS, Graphite furnace atomic absorption spectrometry",CHMO:0000239,http://purl.obolibrary.org/obo/CHMO_0000239,,
HL-Chip,"A molecular genetic technique that combines chromatin immunoprecipitation (ChIP) with massively parallel DNA sequencing to map the binding sites of DNA-associated proteins in a sample of cells. First, crosslinked protein-DNA complexes are isolated using ChIP. Next, the crosslinks are broken, the proteins are removed and the purified DNA is modified with adaptor oligonucleotides to facilitate massively parallel DNA sequencing. Following sequencing, the DNA sequences that are obtained can be mapped to their genomic locations.",,,FALSE,,Assay,,PubMed,,"Hierarchical Loading Microwell Chip, Hl-chip",pmid:32348757,https://pubmed.ncbi.nlm.nih.gov/32348757,,
HPLC-MSMS,"An analytical technique wherein high performance liquid chromatography is coupled to tandem mass spectrometry in order to separate, identify, and quantify substances in a sample.",,,FALSE,,Assay,,,,High-Performance Liquid Chromatography/Tandem Mass Spectrometry,NCIT:C120691,http://purl.obolibrary.org/obo/NCIT_C120691,C120691,
Hematoxylin and Eosin Staining Method,"Hematoxylin-and-eosin, or H&E, is a routine staining procedure of tissue sections. This staining method uses two separate dyes, one staining the nucleus and the other staining the cytoplasm and connective tissue. Hematoxylin is a dark purplish dye that stains the chromatin (nuclear material) within the nucleus. Eosin is an orangish-pink to red dye that stains the cytoplasmic material including connective tissue and collagen.",,,FALSE,,Assay,,,,"Hematoxylin and Eosin Staining, H and E Staining, HEMATOXYLIN AND EOSIN STAIN, Hematoxylin and Eosin, H and E, Haemotoxylin and Eosin (H&E), H&E Stain, H&E Staining, H and E Staining Method, H&E Staining Method, H&E",NCIT:C23011,http://purl.obolibrary.org/obo/NCIT_C23011,C23011,
Hi-C,"Hi-C is a method for analyzing the 3-dimensional organization and genome-wide interaction frequencies of chromatin, belonging to the class of chromosome conformation capture techniques.",,,FALSE,,Assay,,EFO,,"Hi-C Mapping, Hi-C 20, HI-C, Hi-c",EFO:0007693,http://www.ebi.ac.uk/efo/EFO_0007693,,
HiChIP,"A method that combines chromosome conformation capture, proximity ligation and chromatin immunoprecipitation to isolate DNA from a biospecimen, create a genomic library and analyze 3D chromatin organization.",,,FALSE,,Assay,,,,PLAC-Seq,NCIT:C179435,http://purl.obolibrary.org/obo/NCIT_C179435,C179435,
High Throughput Screening,Use of robots and other automated techniques to screen large numbers of samples.,,,FALSE,,Assay,,,,"High-throughput Drug Screen, High Throughput Assay, High-Throughput Drug Screen",NCIT:C18472,http://purl.obolibrary.org/obo/NCIT_C18472,C18472,
High-Content Screen,An image analysis technique combining automated fluorescence microscopy with multi-parameter quantitative image analysis for large-scale study of cellular phenotypes.,,,FALSE,,Assay,,EFO,,"High-content screen, high content screen",EFO:0007550,http://www.ebi.ac.uk/efo/EFO_0007550,,
Hydrogels,"A three-dimensional network of hydrophilic polymer chains that can absorb and retain large amounts of water, commonly used as a scaffold material in 3D cell culture and tissue engineering.",,,FALSE,,Assay,,,,"Gel matrices, Hydro Gel matrices, Biopolymers gel techniques, mechanics of hydrogels",ENVO:01001562,http://purl.obolibrary.org/obo/ENVO_01001562,,
Hydrophilic Interaction Chromatography,"A liquid chromatography technique in which the stationary phase is hydrophilic and the mobile phase is largely organic, separating polar compounds based on their differential partitioning.",,,FALSE,,Assay,,CHMO,,"HILIC , Hydrophilic interaction chromatography",CHMO:0002262,http://purl.obolibrary.org/obo/CHMO_0002262,,Added by Rancho 03/01/2022
Image Cytometry,A flow cytometry technique that utilizes mass spectrometry to detect antibodies labeled with heavy metal ion tags that are bound to antigens of interest on single cells.,,,FALSE,,Assay,,,,"Image cytometry, Image Cytometry",mesh:D019044,http://id.nlm.nih.gov/mesh/D019044,,
Imaging,An imaging technique that uses fluorescent dye to achieve the desired image.,,,FALSE,,Assay,,,,"Type of imaging, Protein Complex Imaging, Diagnostic Imaging Technique, imaging and animal model, multi modal imaging, IMAGING_METHOD, quantitative imaging, Live Cell Imaging, imaging type, Imaging Procedures, Medical Imaging, imaging procedure, imaging, Imaging Technique, imaging_type",NCIT:C17369,http://purl.obolibrary.org/obo/NCIT_C17369,C17369,
Immobilized Metal Affinity Chromatography,A method to purify proteins or peptides from a mixture that leverages their affinity to positively charged ions immobilized on NTA-agarose beads.,,,FALSE,,Assay,,,,"IMAC, Immobilized metal affinity chromatography",NCIT:C161789,http://purl.obolibrary.org/obo/NCIT_C161789,C161789,
ImmunoFISH,A method combining immunolabeling with fluorescent in situ hybridization (FISH) to simultaneously detect the nuclear distribution of a protein and specific DNA or RNA sequences.,,,FALSE,,Assay,,EFO,,"Immuno-FISH, Immunofish, immunofluorescence and in-situ hybridization",EFO:0011016,http://www.ebi.ac.uk/efo/EFO_0011016,,
Immunoassay,"An immunological procedure used for the microscopic examination of tissues.  It involves the usage of enzyme-antibody or enzyme-antigen conjugates, antienzyme antibodies, or enzyme-antienzyme complexes.",,,FALSE,,Assay,,MMO,,"IMMUNOASSAY, Immunoenzyme Procedure",MMO:0000098,http://purl.obolibrary.org/obo/MMO_0000098,,
Immunocytochemistry,"A method for the detection of proteins or antigens on samples of cells that are grown in monolayers or in suspension and deposited on slides, using antibodies or other biomolecules that bind the target and can be visualized through a chemical process.",,,FALSE,,Assay,,,,ICC,NCIT:C17731,http://purl.obolibrary.org/obo/NCIT_C17731,C17731,
Immunohistochemistry Staining Method,"Immunohistochemical staining techniques allow for the visualization of antigens via the sequential application of a specific antibody to the antigen (primary antibody), a secondary antibody to the primary antibody and an enzyme complex with a chromogenic substrate. The enzymatic activation of the chromogen results in a visible reaction product at the antigen site. The specimen may then be counterstained and coverslipped. Results are interpreted using a light microscope and aid in the differential diagnosis of pathophysiological processes, which may or may not be associated with a particular antigen.",,,FALSE,,Assay,,,,"Immunohistochemistry, immunohistochemistry, Cell/Tissue, Immunohistochemistry, IHC, Immunohistochemistry (IHC)",NCIT:C23020,http://purl.obolibrary.org/obo/NCIT_C23020,C23020,
Immunoprecipitation,"Antigen aggregation with antibody, in the right ratios, to cause precipitation. (NCI)",,,FALSE,,Assay,,,,"IP, IMMUNOPRECIPITATION",NCIT:C16724,http://purl.obolibrary.org/obo/NCIT_C16724,C16724,
In Situ Hybridization,"Use of a DNA or RNA probe to detect the presence of complementary sequences in chromosomes, cells, or tissues. (NCI)",,,FALSE,,Assay,,,,"Genetics, in situ Hybridization, In Situ Hybridization, IN SITU HYBRIDIZATION, ISH, in situ Hybridization, In situ hybridization",NCIT:C17562,http://purl.obolibrary.org/obo/NCIT_C17562,C17562,
In Vitro Cell Killing Assay,"A cell killing assay that measures whether, and to what extent, target cells are actively killed by other cells in a cell culture.",,,FALSE,,Assay,,OBI,,In vitro cell killing assay,OBI:0000903,http://purl.obolibrary.org/obo/OBI_0000903,,
In Vitro Model,"A laboratory model system, such as cultured cells or tissue, used to study biological processes or disease outside of a living organism.",,,FALSE,,Assay,,,,"In vitro model, In Vitro Model",NCIT:C19146,http://purl.obolibrary.org/obo/NCIT_C19146,C19146,
In Vitro Selection,"An iterative laboratory process for isolating molecules (e.g., nucleic acids or proteins) with desired properties from a large pool through repeated rounds of selection and amplification outside a living organism.",,,FALSE,,Assay,,EDAM,,"In vitro selection, In Vitro Selection",operation:3795,http://edamontology.org/operation_3795,,
In Vitro Translation,"A cell-free system that synthesizes protein from an RNA or DNA template using cellular translation machinery (ribosomes, tRNAs, and associated factors) extracted from cells.",,,FALSE,,Assay,,ERO,,"Mammalian In Vitro Translation Assay, In vitro translation",ERO:0000906,http://purl.obolibrary.org/obo/ERO_0000906,,Added by Victor 08/29/2022
In Vivo Bioluminescence,"An imaging technique that detects light emitted by luciferase-expressing cells or tissues within a living organism, used to monitor biological processes such as tumor growth or gene expression over time.",,,FALSE,,Assay,,ERO,,"in vivo bioluminescence, In vivo bioluminescence",ERO:0000651,http://purl.obolibrary.org/obo/ERO_0000651,,
In-Cell Western Assay,"Any method to measure the number of dividing cells in a culture, or to measure the change in the proportion of cells that are dividing.",,,FALSE,,Assay,,BAO,,In-cell western assay,BAO:0002423,http://www.bioassayontology.org/bao#BAO_0002423,,
Inductively-Coupled Plasma Mass Spectrometry,A mass spectrometry technique that uses inductively-coupled plasma generated from argon gas to atomize and ionize a sample. The resulting ions are separated and analyzed using a mass spectrometer.,,,FALSE,,Assay,,,,"ICPMS, Inductively Coupled Plasma Mass Spectrometry, ICP-MS",NCIT:C62328,http://purl.obolibrary.org/obo/NCIT_C62328,C62328,
Interference Reflection Microscopy,The use of various technologies to resolve the structure or features of objects too small or fine to naturally be seen by eye.,,,FALSE,,Assay,,,,"Interference reflection microscopy, Interference Reflection Microscopy",CHMO:0002437,http://purl.obolibrary.org/obo/CHMO_0002437,,
Intravital Microscopy,The use of various technologies to resolve the structure or features of objects too small or fine to naturally be seen by eye.,,,FALSE,,Assay,,ERO,,Intravital microscopy,ERO:0001638,http://purl.obolibrary.org/obo/ERO_0001638,,
Invasion Assay,"An in vitro assay, commonly using a reconstituted basement membrane (e.g., Matrigel), that assesses the ability of cells to degrade and migrate through tissue barriers.",,,FALSE,,Assay,,,,Invasion assay,NCIT:C16216,http://purl.obolibrary.org/obo/NCIT_C16216,C16216,
Karyotyping,"The preparation, analysis, and interpretation of a karyotype, the representation of the chromosome set of a cell.",,,FALSE,,Assay,,,,"KARYOTYPING, Karyotype, Karotype Analysis, Genetics, Karyotyping",NCIT:C16768,http://purl.obolibrary.org/obo/NCIT_C16768,C16768,
Knife-Edge Scanning Microscopy,"Technique of electron microscopy in which the specimen is coated with heavy metal and then scanned by an electron beam. The resolution is not as great as with transmission electron microscopy, but preparation is easier (often by fixation followed by critical point drying), the depth of focus is relatively enormous, the surface of a specimen can be seen (though not the interior unless the specimen is cracked open) and the image is aesthetically pleasing.",,,FALSE,,Assay,,PMID,,Knife-edge scanning microscopy,PMID:18638197,https://pubmed.ncbi.nlm.nih.gov/18638197,,added by Rancho on 2/23/2022
L1000 mRNA Profiling Assay,"A high-throughput gene expression profiling assay in which cultured cells are treated with chemical or genetic perturbations and the transcriptional response of ~1,000 landmark genes is measured, with the remaining transcriptome inferred computationally.",,,FALSE,,Assay,,BAO,,"L1000 mrna profiling assay, L1000",BAO:0010046,http://www.bioassayontology.org/bao#BAO_0010046,,Added by Brynn 5/3/2022
Lattice Light Sheet Microscopy,"The use of a special microscope to see objects that give off fluorescent light. For example, cells or tissue can be treated with a substance that contains a fluorescent dye. The dye lights up when viewed under a microscope with a special light.",,,FALSE,,Assay,,,,"Lattice Light Sheet Microscopy, Lattice light sheet microscopy",OBI:0003098,http://purl.obolibrary.org/obo/OBI_0003098,,
Liquid Chromatography Mass Spectrometry,"LC/MS is a hyphenated technique, combining the separation power of liquid chromatography (LC), an analytical chromatographic technique for separating ions or molecules dissolved in a solvent, with the detection power of mass spectrometry(MS), a technique to separate gas phase ions according their m/z (mass to charge ratio) value. Used for drug screening, pharmacology studies, environmental analyses and forensics.",,,FALSE,,Assay,,,,"LC-MS, Liquid Chromatography/Mass Spectrometry, Liquid Chromatography-Mass Spectrometry, LC/MS",NCIT:C18475,http://purl.obolibrary.org/obo/NCIT_C18475,C18475,
Liquid Chromatography/Tandem Mass Spectrometry,"An analytical technique wherein liquid chromatography is coupled to tandem mass spectrometry in order to separate, identify, and quantify substances in a sample.",,,FALSE,,Assay,,CHMO,,"LC/MS/MS, LC/MS-MS, Liquid chromatography/tandem mass spectrometry, LC-MSMS",CHMO:0000701,http://purl.obolibrary.org/obo/CHMO_0000701,CHMO:0000701,
Low-Vacuum Scanning Electron Microscopy,"Technique of electron microscopy in which the specimen is coated with heavy metal and then scanned by an electron beam. The resolution is not as great as with transmission electron microscopy, but preparation is easier (often by fixation followed by critical point drying), the depth of focus is relatively enormous, the surface of a specimen can be seen (though not the interior unless the specimen is cracked open) and the image is aesthetically pleasing.",,,FALSE,,Assay,,PMID,,"LV-SEM, Low-vacuum scanning electron microscopy",PMID:29546719,https://pubmed.ncbi.nlm.nih.gov/29546719,,Added by Rancho on 2/23/2022
Luciferase Reporter Assay,An assay that uses a luciferase reporter gene under the control of a regulatory element of interest to measure gene expression or promoter/enhancer activity via light output.,,,FALSE,,Assay,,BAO,,Luciferase reporter assay,BAO:0002661,http://www.bioassayontology.org/bao#BAO_0002661,,
Luminescent Cell Viability Assay,A colorimetric assay that can assess the viability of cells by quantitation of the reduction of a yellow tetrazolium salt substrate to a product that has a purple color. This assay can measure the cytotoxicity of a chemical or drug by determining the affect of treatment on cell viability.,,,FALSE,,Assay,,,,"Luminescent Cell Viability assay, Luminescent cell viability assay",BAO:0000682,http://www.bioassayontology.org/bao#BAO_0000682,,
MALDI-TOF Mass Spectrometry,"An analytical technique wherein ions are separated according to their ratio of charge to mass. From the mass spectrum produced, the atomic weight of the particle can be deduced.",,,FALSE,,Assay,,,,"Matrix-Assisted Laser Desorption/Ionization Time-of-Flight Mass Spectrometry, Matrix-Assisted Laser Desorption/Ionization-Time of Flight Mass Spectrometry, Matrix-Assisted Laser Desorption Ionization Time-of-Flight MS, MALDI Mass Spectrometry, MALDI-TOF",NCIT:C19935,http://purl.obolibrary.org/obo/NCIT_C19935,C19935,
MEMA Cell Growth Assay,"Any method to measure the number of dividing cells in a culture, or to measure the change in the proportion of cells that are dividing.",,,FALSE,,Assay,,BAO,,"MEMA, Mema cell growth assay",BAO:0010060,http://www.bioassayontology.org/bao#BAO_0010060,,Added by Brynn 5/3/2022
MNase-Seq,"A molecular genetic technique that combines chromatin immunoprecipitation (ChIP) with massively parallel DNA sequencing to map the binding sites of DNA-associated proteins in a sample of cells. First, crosslinked protein-DNA complexes are isolated using ChIP. Next, the crosslinks are broken, the proteins are removed and the purified DNA is modified with adaptor oligonucleotides to facilitate massively parallel DNA sequencing. Following sequencing, the DNA sequences that are obtained can be mapped to their genomic locations.",,,FALSE,,Assay,,EFO,,"Mnase-seq, MNase-seq",EFO:0003751,http://www.ebi.ac.uk/efo/EFO_0003751,,
MULTI-Seq,"A molecular genetic technique that combines chromatin immunoprecipitation (ChIP) with massively parallel DNA sequencing to map the binding sites of DNA-associated proteins in a sample of cells. First, crosslinked protein-DNA complexes are isolated using ChIP. Next, the crosslinks are broken, the proteins are removed and the purified DNA is modified with adaptor oligonucleotides to facilitate massively parallel DNA sequencing. Following sequencing, the DNA sequences that are obtained can be mapped to their genomic locations.",,,FALSE,,Assay,,,,"multiplexing using lipid-tagged indices for single-cell and single-nucleus RNA sequencing, MULTI-seq, Multi-seq",EFO:0030077,http://www.ebi.ac.uk/efo/EFO_0030077,,
Macrophage Polarization Assay,"An assay that measures the differentiation of macrophages into functional phenotypes (e.g., M1 pro-inflammatory or M2 anti-inflammatory) in response to specific stimuli, typically via marker expression or cytokine profiling.",,,FALSE,,Assay,,,,"macrophage polarization assay, Macrophage polarization assay",,,,
Magnetic Resonance Imaging,"Imaging that uses radiofrequency waves and a strong magnetic field rather than x-rays to provide detailed pictures of internal organs and tissues. The technique is valuable for the diagnosis of many pathologic conditions, including cancer, heart and vascular disease, stroke, and joint and musculoskeletal disorders.",,,FALSE,,Assay,,,,"magnetic resonance imaging, NMRI, Magnetic Resonance, Medical Imaging, Magnetic Resonance / Nuclear Magnetic Resonance, MR Imaging, Magnetic resonance elastography, MRI Scan, MR, nuclear magnetic resonance imaging, Magnetic Resonance Imaging Scan, MRI, NMR Imaging, Nuclear Magnetic Resonance Imaging",NCIT:C16809,http://purl.obolibrary.org/obo/NCIT_C16809,C16809,
Magnetic Tweezers,A technique that utilizes light waves to exert minute forces as well as transmit energy to isolate and manipulate nanoparticles.,,,FALSE,,Assay,,CHMO,,"Magnetic Tweezers, Magnetic tweezers",CHMO:0002474,http://purl.obolibrary.org/obo/CHMO_0002474,,
Magnetic Twisting Cytometry,A flow cytometry technique that utilizes mass spectrometry to detect antibodies labeled with heavy metal ion tags that are bound to antigens of interest on single cells.,,,FALSE,,Assay,,PubMed,,Magnetic twisting cytometry,PMID:11509510,https://pubmed.ncbi.nlm.nih.gov/11509510,,
Magnetically Activated Cell Sorting,Selection and deposition of individual cells of a particular phenotype from a mixed population into a separate tube or tissue culture plate by the use of a fluorescence-activated cell sorter (FACS) and fluorescently-labeled antibodies specific for surface molecules on the cells to be sorted.,,,FALSE,,Assay,,,,"Magnetically activated cell sorting, Magnetically Activated Cell Sorting;MACS",NCIT:C116641,http://purl.obolibrary.org/obo/NCIT_C116641,C116641,
Mammosphere Formation Assay,An in vitro assay that measures the ability of mammary epithelial or stem/progenitor cells to form free-floating spherical colonies (mammospheres) under non-adherent culture conditions.,,,FALSE,,Assay,,PubMed,,Mammosphere formation assay,PMID:25867607,https://pubmed.ncbi.nlm.nih.gov/25867607,,
Mass Cytometry,A flow cytometry technique that utilizes mass spectrometry to detect antibodies labeled with heavy metal ion tags that are bound to antigens of interest on single cells.,,,FALSE,,Assay,,,,"Time-of-Flight Cytometry, CyTOF, Cytometry by Time-of-Flight, Mass cytometry, ToF Cytometry, Cytometry by time-of-flight running, MASS CYTOMETRY",NCIT:C187898,http://purl.obolibrary.org/obo/NCIT_C187898,C187898,
Mass Spectrometry,"An analytical technique wherein ions are separated according to their ratio of charge to mass. From the mass spectrum produced, the atomic weight of the particle can be deduced.",,,FALSE,,Assay,,,,"Mass Spectrum, MASS SPECTROMETRY, MassSpec, Photometry/Spectrum Analysis, Mass, MS1, MS, Mass Spec, (SILAC)-based quantitative mass spectrometry, Mass Spectrometry",NCIT:C17156,http://purl.obolibrary.org/obo/NCIT_C17156,C17156,
Mathematical Modeling,"The use of statistical analysis, computer analysis, or model organisms to predict outcomes of research. (doegenomes.org)",,,FALSE,,Assay,,,,"scaling relationship, Expression based network analysis, Big-data analysis, Biophysical analysis, Math modeling, Bigdata anlysis, Multiscale modeling, Theoritical modeling, mechanical modeling of cell invasion",NCIT:C16870,http://purl.obolibrary.org/obo/NCIT_C16870,C16870,
MeDIP,A DNA methylation profiling assay (methylated DNA immunoprecipitation) that uses an antibody against 5-methylcytosine to enrich for methylated DNA fragments prior to sequencing.,,,FALSE,,Assay,,OBI,,"Methylated DNA immunoprecipitation, Medip",OBI:0000693,http://purl.obolibrary.org/obo/OBI_0000693,,Added by Rancho 2/23/2022
MeRIP-Seq,"A molecular genetic technique that combines chromatin immunoprecipitation (ChIP) with massively parallel DNA sequencing to map the binding sites of DNA-associated proteins in a sample of cells. First, crosslinked protein-DNA complexes are isolated using ChIP. Next, the crosslinks are broken, the proteins are removed and the purified DNA is modified with adaptor oligonucleotides to facilitate massively parallel DNA sequencing. Following sequencing, the DNA sequences that are obtained can be mapped to their genomic locations.",,,FALSE,,Assay,,EFO,,"m6A-Methylated RNA Immunoprecipitation-Sequencing, Methylated RNA Immunoprecipitation-Sequencing, N6-Methyladenine RNA Immunoprecipitation-Sequencing, Merip-seq, m6A-seq, m6A MeRIP-Seq",EFO:0008803,http://www.ebi.ac.uk/efo/EFO_0008803,NCIt,
Methyl Binding Domain Sequencing,An assay in which DNA is enriched using a methyl-binding domain protein to isolate methylated genomic fractions prior to sequencing.,,,FALSE,,Assay,,EFO,,"MBD-Cap Seq, MBD-seq, Methyl binding domain sequencing",EFO:0003750,http://www.ebi.ac.uk/efo/EFO_0003750,,
Methylation-Specific PCR,"Polymerase chain reaction that uses two sets of primers, in two sequential runs of amplification, with the second set intended to amplify a target within the first run product.",,,FALSE,,Assay,,PMID,,Methylation-specific pcr,PMID:21913069,https://pubmed.ncbi.nlm.nih.gov/21913069,,Added by Rancho on 2/23/2022
Micro-computed Tomography,An imaging technique for examining structures within the body by scanning them with X rays and using a computer to construct a series of cross-sectional scans along a single axis.,,,FALSE,,Assay,,MMO,,Micro-computed tomography,MMO:0000570,http://purl.obolibrary.org/obo/MMO_0000570,,
MicroRNA Expression Array,"A molecular biology device that utilizes a set of defined cDNA clones attached in a specific grid arrangement to a solid support for nucleic acid hybridization assays in gene mapping studies or in determining gene sequences, sequence variations, or gene expression patterns.",,,FALSE,,Assay,,OBI,,"Microrna expression array, mirnaArray",OBI:0001335,http://purl.obolibrary.org/obo/OBI_0001335,,
MicroRNA Sequencing,A next-generation or massively parallel high-throughput DNA sequencing-based procedure that can identify and quantify the microRNA sequences present in a biological sample.,,,FALSE,,Assay,,,,"microRNA Sequencing, miRNA-Seq, miRNA-Seq (microRNA sequencing), miRNA-seq, mirnaSeq, MicroRNA-Seq, miRNA Sequencing",NCIT:C156057,http://purl.obolibrary.org/obo/NCIT_C156057,C156057,
Microcontact Printing,"A synthesis method for transferring a molecular pattern onto a substrate surface, typically by coating a patterned stamp with a molecule of interest and bringing it into contact with the surface.",,,FALSE,,Assay,,CHMO,,Microcontact printing,CHMO:0001440,http://purl.obolibrary.org/obo/CHMO_0001440,,added by Brynn 04/11/2022
Microfluidics,"A technology that manipulates small volumes of fluid (nanoliter to microliter scale) through networks of miniaturized channels, used for high-throughput single-cell or biochemical assays.",,,FALSE,,Assay,,,,"In vitro microfluidics, In vitro Microfluidics",mesh:D046210,http://id.nlm.nih.gov/mesh/D046210,,
Micropipette Adhesion Assay,A biophysical assay that uses a micropipette to apply and measure adhesive forces between individual cells or between a cell and a substrate.,,,FALSE,,Assay,,PubMed,,"Micropipette adhesion assay, Micropipette Adhesion Frequency Assay",PMID:22083316,https://pubmed.ncbi.nlm.nih.gov/22083316,,Rancho added 1/7/2022
Micropipette Aspiration,"A biophysical technique that uses a fine glass micropipette and controlled suction pressure to measure the mechanical properties (e.g., membrane tension, cortical stiffness) of individual cells.",,,FALSE,,Assay,,,,"Micropipette aspiration, micropipette aspiration",,https://www.ncbi.nlm.nih.gov/pmc/articles/PMC4476029/,,
Microscopy,The use of various technologies to resolve the structure or features of objects too small or fine to naturally be seen by eye.,,,FALSE,,Assay,,,,"Advanced Microscopy, Advanced microscopy; mechanical probing, MICROSCOPY, GM, Microscopy, Conventional Microscopy",NCIT:C16853,http://purl.obolibrary.org/obo/NCIT_C16853,C16853,
Migration Assay,An in vitro assay in which cultured cells are monitored and analyzed for their ability to move into an acellular area of a culture material.,,,FALSE,,Assay,,,,"Cell Migration Assay, Quantitative Analysis of Cell Migration, pore migration assays, cell migration assay, Migration Assays, pore migration assay",NCIT:C19425,http://purl.obolibrary.org/obo/NCIT_C19425,C19425,
Mint-ChIP,"A molecular genetic technique that combines chromatin immunoprecipitation (ChIP) with massively parallel DNA sequencing to map the binding sites of DNA-associated proteins in a sample of cells. First, crosslinked protein-DNA complexes are isolated using ChIP. Next, the crosslinks are broken, the proteins are removed and the purified DNA is modified with adaptor oligonucleotides to facilitate massively parallel DNA sequencing. Following sequencing, the DNA sequences that are obtained can be mapped to their genomic locations.",,,FALSE,,Assay,,EFO,,Mint-chip,EFO:0008813,http://www.ebi.ac.uk/efo/EFO_0008813,,
Modeling,"The use of statistical analysis, computer analysis, or model organisms to predict outcomes of research. (doegenomes.org)",,,FALSE,,Assay,,,,,NCIT:C16063,http://purl.obolibrary.org/obo/NCIT_C16063,C16063,Added by Brynn 09/13/2022
Molecular Simulations,The use of computational methods to simulate the physical motions and interactions of atoms or molecules over time.,,,FALSE,,Assay,,,,Molecular Dynamics simulations,NCIT:C18097,http://purl.obolibrary.org/obo/NCIT_C18097,C18097,
Monolayer Stress Microscopy,The use of various technologies to resolve the structure or features of objects too small or fine to naturally be seen by eye.,,,FALSE,,Assay,,,,"Monolayer stress microscopy, monolayer stress microscopy",,https://pubmed.ncbi.nlm.nih.gov/23468843/,,
Multi-Angle Light Scattering,A method for determining particle size and molecular weight by measuring the intensity of light scattered from a sample at multiple angles.,,,FALSE,,Assay,,CHMO,,Multi-angle light scattering,CHMO:0000168,http://purl.obolibrary.org/obo/CHMO_0000168,,
Multi-Isotope Mass Spectrometry,"An analytical technique wherein ions are separated according to their ratio of charge to mass. From the mass spectrum produced, the atomic weight of the particle can be deduced.",,,FALSE,,Assay,,PubMed,,Multi-isotope mass spectrometry,PMID:22246326,https://pubmed.ncbi.nlm.nih.gov/22246326,,
Multiparametric Magnetic Resonance Imaging,"The combination of multiple magnetic resonance techniques, including diffusion weighted imaging, dynamic contrast-enhanced imaging, and spectroscopy, to achieve an image that will allow for better identification of tumor size and location, as well as possibly identifying cancer spread and aggressiveness.",,,FALSE,,Assay,,,,"Multiparametric MRI, mpMRI, Multi-parametric MRI, MP-MRI",NCIT:C116458,http://purl.obolibrary.org/obo/NCIT_C116458,C116458,
Multiphoton Microscopy,"An imaging technique that uses multiple photons to absorb infrared light, thereby minimizing phototoxicty and photobleaching, making it an ideal method for imaging living specimens, especially those involving deep tissue.",,,FALSE,,Assay,,,,"Multi-Photon Microscopy, Multiphoton Microscopy, Multiphoton microscopy",NCIT:C116504,http://purl.obolibrary.org/obo/NCIT_C116504,C116504,
Multiplexed Error-Robust Fluorescence In Situ Hybridization,"Use of a DNA or RNA probe to detect the presence of complementary sequences in chromosomes, cells, or tissues. (NCI)",,,FALSE,,Assay,,EFO,,"Multiplexed error-robust fluorescence in situ hybridization, MERFISH",EFO:0008992,http://www.ebi.ac.uk/efo/EFO_0008992,,
Multiplexed Immunofluorescence,A method that enables simultaneous detection of multiple biomarkers on a single tissue section using immunofluorescence techniques.,,,FALSE,,Assay,,,,"Multiplexed Immunofluorescence, Multiplex Immunofluorescence, MxIF",NCIT:C181928,http://purl.obolibrary.org/obo/NCIT_C181928,C181928,Added by Brynn 09/23/2022
Multiplexed Immunohistochemistry,A method that enables simultaneous detection of multiple biomarkers on a single tissue section using immunohistochemistry techniques.,,,FALSE,,Assay,,,,"mIHC, Multiplex Immunoassay, Multiplex Immunohistochemistry",NCIT:C181927,http://purl.obolibrary.org/obo/NCIT_C181927,C181927,Added by Brynn 09/28/2022
Multiplexed Ion Beam Imaging,A method for multiplexed immunohistochemistry that uses secondary ion mass spectrometry to image antibodies tagged with isotopically pure elemental metal reporters. Multiplexed ion beam imaging (MIBI) is capable of analyzing up to 100 targets simultaneously over a five-log dynamic range. This technique enables comprehensive phenotypic profiling and spatial analysis of the tissue microenvironment.,,,FALSE,,Assay,,,,"Multiplexed ion beam imaging, MIBI",NCIT:C181930,http://purl.obolibrary.org/obo/NCIT_C181930,C181930,
Murine Model,"An experimental model that uses mice to study biological processes, disease mechanisms, or the effects of treatments in vivo.",,,FALSE,,Assay,,,,"Mouse Modeline, Murine Models, Mouse Modeling, Mouse Model",NCIT:C94604,http://purl.obolibrary.org/obo/NCIT_C94604,C94604,
Nano-hmC-Seal,A chemical labeling and capture approach for genome-wide profiling of 5-hydroxymethylcytosine (5hmC) using selective chemical tagging followed by sequencing.,,,FALSE,,Assay,,EFO,,Nano-hmc-seal,EFO:0010040,http://www.ebi.ac.uk/efo/EFO_0010040,,
NanoString Digital Spatial Profiling,A spatial transcriptomics technique that enables analysis of RNA and protein expression in tissue specimens on slides using multiplexed probe hybridization and digital counting.,,,FALSE,,Assay,,EFO,,"NanoString GeoMx DSP RNA assays, Nanostring digital spatial profiling",EFO:0030029,http://www.ebi.ac.uk/efo/EFO_0030029,,
Nanopatterning,"A fabrication technique that creates nanoscale surface features or patterns, used e.g. to control cell adhesion, shape, or substrate mechanics in cell-biology experiments.",,,FALSE,,Assay,,,,Nano and Micro Patterning,,,,
Nanopore Sequencing,"A proprietary next-generation DNA sequencing technology from Oxford Nanopore Technologies that can directly identify and sequence a DNA molecule as it passes through a nanopore, driven by electrophoresis.",,,FALSE,,Assay,,,,"Oxford Nanopore Sequencing Technology, Oxford Nanopore Sequencing",NCIT:C146818,http://purl.obolibrary.org/obo/NCIT_C146818,C146818,
Nanowire,"A nanometer-scale wire consisting of metal atoms, silicon or other materials that conduct electricity. Nanowires are one-dimensional, and exhibit unique electrical and optical properties. They are built atom by atom on a solid surface, often as part of a microfluidic device. In addition, they can be coated with molecules such as antibodies that will bind to proteins for both basic science and clinical applications.",,,FALSE,,Assay,,,,,NCIT:C62376,http://purl.obolibrary.org/obo/NCIT_C62376,C62376,
Nested PCR,"Polymerase chain reaction that uses two sets of primers, in two sequential runs of amplification, with the second set intended to amplify a target within the first run product.",,,FALSE,,Assay,,,,"Nested Polymerase Chain reaction, Nested Polymerase Chain Reaction, NESTED POLYMERASE CHAIN REACTION, Nested PCR",NCIT:C127880,http://purl.obolibrary.org/obo/NCIT_C127880,C127880,
Next Generation Sequencing,Technologies that facilitate the rapid determination of the nucleotide sequence of large numbers of strands or segments of DNA or RNA.,,,FALSE,,Assay,,,,"Massively Parallel Sequencing, NGS, NEXT GENERATION SEQUENCING, Massively Parallel DNA Sequencing, Next-Generation Sequencing, Next Generational Sequencing",NCIT:C101293,http://purl.obolibrary.org/obo/NCIT_C101293,C101293,
Nm-seq,"A molecular genetic technique that combines chromatin immunoprecipitation (ChIP) with massively parallel DNA sequencing to map the binding sites of DNA-associated proteins in a sample of cells. First, crosslinked protein-DNA complexes are isolated using ChIP. Next, the crosslinks are broken, the proteins are removed and the purified DNA is modified with adaptor oligonucleotides to facilitate massively parallel DNA sequencing. Following sequencing, the DNA sequences that are obtained can be mapped to their genomic locations.",,,FALSE,,Assay,,,,,EFO:0008828,http://www.ebi.ac.uk/efo/EFO_0008828,,
Not Applicable,Determination of a value is not relevant in the current context. (NCI),,,FALSE,,Assay,,,,"N/A, {NA}, No unit of measure required, Does Not Apply, not applicable, NOT APPLICABLE, Not applicable, {Not applicable}, na, No Apparent Adverse Event, NA",NCIT:C48660,http://purl.obolibrary.org/obo/NCIT_C48660,C48660,
Nuclear Magnetic Resonance,A physical phenomenon involving the interaction of atomic nuclei placed in an external magnetic field with an applied electromagnetic field oscillating at a particular frequency. Magnetic conditions within the material are measured by monitoring the radiation absorbed and emitted by the atomic nuclei. It is the underlying principle of Magnetic Resonance Imaging (MRI).,,,FALSE,,Assay,,,,"Magnetic Resonance, NMR",NCIT:C16921,http://purl.obolibrary.org/obo/NCIT_C16921,C16921,
Optical Coherence Tomography,"Optical Coherence Tomography (OCT) combines the principles of ultrasound with the imaging performance of a microscope. OCT uses infrared light waves that reflect off the internal microstructure within the biological tissues. The frequencies and bandwidths of infrared light are orders of magnitude higher than medical ultrasound signals, resulting in greatly increased image resolution, 8-25 times greater than any existing modality. In addition to providing high-level resolutions for the evaluation of microanatomic structures OCT is also able to provide information regarding tissue composition. (NCI)",,,FALSE,,Assay,,,,"Optical coherence tomography, OCT, OPTICAL COHERENCE TOMOGRAPHY, optical coherence tomography",NCIT:C20828,http://purl.obolibrary.org/obo/NCIT_C20828,C20828,
Optical Emission Spectroscopy,"The technique of measuring the emission and absorption of different wavelengths (spectra) of visible and non-visible light. This can be done via a spectroscope, which consists of a slit, prism, collimator lens, object lens, and a grating.",,,FALSE,,Assay,,,,Optical emission spectroscopy,CHMO:0000251,http://purl.obolibrary.org/obo/CHMO_0000251,,
Optical Mapping,"A technique used for constructing the ordered and high-resolution genome or chromosome sized restriction enzyme map of an organism from a single, stained DNA molecule, digested by the restriction enzyme and imaged by an optical microscope.",,,FALSE,,Assay,,,,"DNA Optical Mapping, OPTICAL MAPPING, Optical Map, DNA optical mapping",NCIT:C116162,http://purl.obolibrary.org/obo/NCIT_C116162,C116162,
Optical Stretcher,A technique that utilizes light waves to exert minute forces as well as transmit energy to isolate and manipulate nanoparticles.,,,FALSE,,Assay,,PubMed,,Optical stretcher,PMID:30404265,https://pubmed.ncbi.nlm.nih.gov/30404265,,
Optical Tweezers,A technique that utilizes light waves to exert minute forces as well as transmit energy to isolate and manipulate nanoparticles.,,,FALSE,,Assay,,,,Optical tweezers,NCIT:C62320,http://purl.obolibrary.org/obo/NCIT_C62320,C62320,
Optogenetic Assay,The combination of genetic and optical methods to control specific cellular events with temporal precision in targeted cells of a functioning biological system.,,,FALSE,,Assay,,,,"Optogenetic assay, Optogenetic methods",mesh:D062308,http://id.nlm.nih.gov/mesh/D062308,,
Organoid,A three dimensional mass comprised of a cultured cell or tissue sample that resembles an in vivo tissue or organ. Organoids are grown in vitro from a combination of cells or tissue fragments cultured in medium containing a variety of biochemical factors.,,,FALSE,,Assay,,,,3D Organoid,NCIT:C172259,http://purl.obolibrary.org/obo/NCIT_C172259,C172259,
PCR,"Polymerase chain reaction that uses two sets of primers, in two sequential runs of amplification, with the second set intended to amplify a target within the first run product.",,,FALSE,,Assay,,,,"polymeraseChainReaction, Polymerase Chain Reaction",NCIT:C17003,http://purl.obolibrary.org/obo/NCIT_C17003,C17003,
PET-CT,An imaging technique that combines positron emission tomography and computed tomography acquisition in a single machine to provide co-registered functional and anatomical images.,,,FALSE,,Assay,,,,Positron Emission Tomography and Computed Tomography Scan,NCIT:C103512,http://purl.obolibrary.org/obo/NCIT_C103512,C103512,Added by Brynn 05-09-2022
Paraquat Survival Assay,A survival assay that exposes an organism (commonly Caenorhabditis elegans) to the oxidative-stress-inducing herbicide paraquat to measure resistance to oxidative stress and longevity.,,,FALSE,,Assay,,,,Paraquat survival assay,,,,
Partial Wave Spectroscopy,"The technique of measuring the emission and absorption of different wavelengths (spectra) of visible and non-visible light. This can be done via a spectroscope, which consists of a slit, prism, collimator lens, object lens, and a grating.",,,FALSE,,Assay,,,,"Partial wave spectroscopy, Partial Wave Spectroscopy",,https://www.ncbi.nlm.nih.gov/pmc/articles/PMC2701738/,,
Patient Derived Xenograft,A mouse model for human cancer studies in which a human-derived tumor sample is transplanted into an immunodeficient mouse.,,,FALSE,,Assay,,,,"Patient-Derived Xenograft Model, Patient-Derived Xenograft, PDX, PDTX",NCIT:C122936,http://purl.obolibrary.org/obo/NCIT_C122936,C122936,
Pending Annotation,A placeholder value indicating that the appropriate assay annotation for this record has not yet been determined or curated.,,,FALSE,,Assay,,Sag,,"Pending annotation, LA, Limited Access",NCIT:C53470,http://purl.obolibrary.org/obo/NCIT_C53470,C53470,
Permeability Assay,"An assay that measures the rate or extent to which a substance passes through a biological or synthetic semi-permeable barrier, such as a cell monolayer or membrane.",,,FALSE,,Assay,,BAO,,"Permeability Assay;FITC-dextran permeability assay;PAMPA;epithelial permeability assay, Permeability assay",BAO:0010083,http://www.bioassayontology.org/bao#BAO_0010083,,
Phagocytosis Assay,"An assay that measures the ability of phagocytic cells to engulf and internalize particles, pathogens, or other cells.",,,FALSE,,Assay,,SNOWMED,,"phagocytosis, Phagocytosis, Phagocytosis assay",SNOMED:45101000,http://snomed.info/id/45101000,,
Photoacoustic Imaging,An imaging technique during which non-ionizing pulses are delivered into tissue and the resulting ultrasonic waves are detected and converted into images.,,,FALSE,,Assay,,,,PAI,NCIT:C116749,http://purl.obolibrary.org/obo/NCIT_C116749,C116749,
Photolithography,"A synthesis method that uses light to transfer a pattern onto a substrate, typically via a light-sensitive photoresist layer.",,,FALSE,,Assay,,CHMO,,,CHMO:0001410,http://purl.obolibrary.org/obo/CHMO_0001410,,Rancho added 1/7/22
Plasmid Construction,"The process of assembling or engineering a plasmid vector, typically by inserting a DNA sequence of interest into a plasmid backbone using molecular cloning techniques.",,,FALSE,,Assay,,ERO,,Plasmid construction,ERO:0001308,http://purl.obolibrary.org/obo/ERO_0001308,,
PlateSeq,"A genome-wide mRNA profiling methodology designed to complement high-throughput screening assays by enabling low-cost, plate-based transcriptomic readouts.",,,FALSE,,Assay,,EFO,,"PlateSeq, Plateseq",EFO:0008863,http://www.ebi.ac.uk/efo/EFO_0008863,,
Point Accumulation for Imaging in Nanoscale Topography,"A super-resolution microscopy technique (PAINT) that achieves nanoscale spatial resolution by imaging the transient, stochastic binding of fluorescently labeled probes to a target structure over time.",,,FALSE,,Assay,,FBbi,,"Point accumulation for imaging in nanoscale topography, PAINT",FBbi:00000339,http://purl.obolibrary.org/obo/FBbi_00000339,,Added by Rancho 2/23/2022
Positron Emission Tomography,"An imaging technique for measuring the gamma radiation produced by collisions of electrons and positrons (anti-electrons) within living tissue. In positron emission tomography (PET), a subject is given a dose of a positron-emitting radionuclide attached to a metabolically active substance. A scanner reveals the tissue location of the metabolically-active substance administered.",,,FALSE,,Assay,,,,"positron emission tomography scan, Positron-Emission Tomography, Pet Scan, PET, PET SCAN, Medical Imaging, Positron Emission Tomography, Positron emission tomography, PET scan, Positron Emission Tomography Scan, proton magnetic resonance spectroscopic imaging, Positron Emission Tomography, PET Scan, PT",NCIT:C17007,http://purl.obolibrary.org/obo/NCIT_C17007,C17007,
Precision Run-On Sequencing,"Precision nuclear run-on and sequencing (PRO-seq), a technique that maps the genome-wide position of actively engaged RNA polymerases at nucleotide resolution, including polymerase pause sites.",,,FALSE,,Assay,,EFO,,"PRO-Seq, Precision run-on sequencing",EFO:0008869,http://www.ebi.ac.uk/efo/EFO_0008869,,
Proteomics Assay,A mass spectrometry assay that identifies and measures proteins in a sample.,,,FALSE,,Assay,,,,"phosphoproteomics, Protein Expression and Purification, Proteomic and transcriptomic profile, Proteomics assay",OBI:0003781,http://purl.obolibrary.org/obo/OBI_0003781,,
Proximity Ligation Assay,"A technique that leverages immunoassay and DNA amplification technology to detect protein-protein interactions with high specificity and sensitivity. A sample is prepared and then exposed to primary antibodies raised in different species recognizing the target epitopes on the proteins of interest. Then, secondary antibodies that are tagged with short oligonucleotides and that target each primary antibody are added. Next, a mixture comprised of a ligase, PCR components and a connector oligonucleotide, which hybridizes to both oligonucleotide tags and can prime rolling DNA circle synthesis, are added and the sample is subjected to real-time PCR to amplify the DNA circles. Rolling circle synthesis and amplification is only possible if the protein epitopes are in close proximity (i.e. in a protein complex). Finally, a labeled complementary nucleotide probe is added to detect and/or visualize the amplified DNA.",,,FALSE,,Assay,,,,"PLA, Proximity ligation assay",NCIT:C156754,http://purl.obolibrary.org/obo/NCIT_C156754,C156754,
Pull-Down Assay,An in vitro assay used to detect or confirm a physical interaction between two or more proteins (or a protein and another molecule) by using an immobilized bait molecule to capture binding partners from a lysate.,,,FALSE,,Assay,,PubMed,,Pull-down assay,PMID:28667618,https://pubmed.ncbi.nlm.nih.gov/28667618,,
QFISH,"Quantitative fluorescence in situ hybridization, a technique combining FISH with quantitative fluorescence measurement, commonly used to measure telomere length.",,,FALSE,,Assay,,PMID,,"Quantitative Fluorescence In Situ Hybridization, Qfish",PMID:18228343,https://pubmed.ncbi.nlm.nih.gov/18228343,,added by Rancho on 2/23/2022
Quantitative Multiplex Immunofluorescence,A method that enables simultaneous detection of multiple biomarkers on a single tissue section using immunofluorescence techniques.,,,FALSE,,Assay,,,,"qmIF, Quantitative multiplex immunofluorescence",EFO:0022989,http://www.ebi.ac.uk/efo/EFO_0022989,,
Quantitative Point Accumulation for Imaging in Nanoscale Topography,"A quantitative variant of the PAINT super-resolution microscopy technique that enables counting or quantification of molecules based on transient, stochastic probe-binding events.",,,FALSE,,Assay,,PMID,,"qPAINT, Quantitative point accumulation for imaging in nanoscale topography",PMID:27018580,https://pubmed.ncbi.nlm.nih.gov/27018580,,Added by Rancho on 2/23/ 2022
Questionnaire,"A set of questions or items shown to a respondent in order to get answers for research purposes. [PRO Draft Guidance] See also instrument, survey.",,,FALSE,,Assay,,,,"questionnaire, Questionnaires",NCIT:C17048,http://purl.obolibrary.org/obo/NCIT_C17048,C17048,
RAS Protein Family Activation Assay,"An in vitro assay that can indirectly detect the activation of small GTPases in the RAS family through the staining of phosphorylated forms of MEK (MAP2K) family proteins (pMEK). A farnesylated RAS family protein is anchored to an in vitro model of the plasma membrane and, under different conditions, is co-incubated with both a RAF family protein, which binds to and is activated by active RAS proteins, and a MEK family protein, which is phosphorylated by active RAF proteins. pMEK is detected using a donor bead coated with anti-MEK antibodies that is capable of oxidizing an acceptor molecule attached to an anti-pMEK antibody. When the donor and acceptor are in close proximity, the acceptor molecule is oxidized and can be visualized using electron microscopy.",,,FALSE,,Assay,,,,"Rho Activation Assay, RAS/RAF Activation Assay, G-LISA Activation Assay",NCIT:C139305,http://purl.obolibrary.org/obo/NCIT_C139305,C139305,
RIP,"RNA immunoprecipitation (RIP), a technique used to investigate protein-RNA interactions in the cell by immunoprecipitating an RNA-binding protein along with its bound RNAs.",,,FALSE,,Assay,,EFO,,"Rip, RNA Immunoprecipitation",EFO:0005033,http://www.ebi.ac.uk/efo/EFO_0005033,,Rancho added 03/01/2022
RIP-Seq,"A molecular genetic technique that combines chromatin immunoprecipitation (ChIP) with massively parallel DNA sequencing to map the binding sites of DNA-associated proteins in a sample of cells. First, crosslinked protein-DNA complexes are isolated using ChIP. Next, the crosslinks are broken, the proteins are removed and the purified DNA is modified with adaptor oligonucleotides to facilitate massively parallel DNA sequencing. Following sequencing, the DNA sequences that are obtained can be mapped to their genomic locations.",,,FALSE,,Assay,,EFO,,Rip-seq,EFO:0005310,http://www.ebi.ac.uk/efo/EFO_0005310,,
RNA Sequencing,A procedure that can determine the RNA sequences for all or part of the poly-A tail-containing messenger RNA transcripts in an individual.,,,FALSE,,Assay,,,,"WTSS, WXS, rnaSeq, Whole Transcriptome Sequencing, RNA-seq  (transcriptome sequencing), Transcriptome Sequencing, RNA-seq, WHOLE TRANSCRIPTOME SEQUENCING, Whole Transcriptome Shotgun Sequencing, RNAseq, Whole-Transcriptome Sequencing, Population RNA-seq, RNA-Seq, Total RNA Sequencing, Total RNA-Seq",NCIT:C124261,http://purl.obolibrary.org/obo/NCIT_C124261,C124261,
RNAi Screen,"An assay that uses a panel of RNA interference (RNAi) reagents to systematically knock down a large set of genes, one at a time, to identify those involved in a biological process of interest.",,,FALSE,,Assay,,FGcv,,Rnai screen,FBcv:0003077,http://purl.obolibrary.org/obo/FBcv_0003077,,Brynn added 05/26/2022
RT-PCR,"Polymerase chain reaction that uses two sets of primers, in two sequential runs of amplification, with the second set intended to amplify a target within the first run product.",,,FALSE,,Assay,,,,"Reverse Transcriptase-Polymerase Chain Reaction, Reverse Transcription Polymerase Chain Reaction, REVERSE TRANSCRIPTASE PCR",NCIT:C18136,http://purl.obolibrary.org/obo/NCIT_C18136,C18136,
RT-qPCR,Real-time PCR in which an RNA sample is first reverse transcribed into complementary DNA (cDNA) and then quantified by real-time PCR.,,,FALSE,,Assay,,MMO,,"Quantitative Reverse Transcription Polymerase Chain Reaction, Rt-qpcr",MMO:0000462,http://purl.obolibrary.org/obo/MMO_0000462,,
Raman Spectroscopy,Emission of electromagnetic energy with a shorter frequency (longer wavelength) than that of the incident monochromatic light.  Arises from the low probability absorption of quanta with a higher energy than that required for a transition: the difference in energy is emitted as a lower frequency (energy) photon.  Allows analysis of vibrational and rotational energy levels using visible incident light.,,,FALSE,,Assay,,,,"Raman spectroscopy, Spectroscopy, Raman, Raman Spectroscopy, Spectroscopy, IR/UV/Raman",NCIT:C17157,http://purl.obolibrary.org/obo/NCIT_C17157,C17157,
Reduced Representation Bisulfite Sequencing,"A DNA sequencing technique that can differentiate cytosine from 5-methylcytosine in a DNA sample. First, a denatured DNA sample is treated with bisulfite which converts non-methylated cytosine to uracil. Next, the sample is amplified using a PCR method that does not discriminate between non-methylated and methylated sequences. The amplified DNA is subjected to nucleotide sequencing. The resulting sequence is compared to an identical control sample of DNA that was not treated with bisulfite. Unmethylated cytosines will be displayed as cytosines in the control sample and as thymines in the bisulfite-treated sample.",,,FALSE,,Assay,,,,Reduced Representation Bisulfite Sequencing;RRBS,NCIT:C167284,http://purl.obolibrary.org/obo/NCIT_C167284,C167284,
Reverse Phase Protein Array,An antibody-based functional proteomic microarray that can characterize basal protein expression and levels of protein modifications in a series of samples of body fluids or those derived from tissue or cellular lysates.,,,FALSE,,Assay,,OBI,,"RPPA, RPMA, Reverse Phase Protein Microarray, Reverse phase protein array, reverse phase protein array profiling assay",OBI:0002957,http://purl.obolibrary.org/obo/OBI_0002957,NCIt,
Reverse-Phase High-Performance liquid Chromatography,"Liquid chromatography in which the mobile phase is significantly more polar than the nonpolar stationary phase, commonly used to separate small molecules based on hydrophobicity.",,,FALSE,,Assay,,CHMO,,Reverse-phase high-performance liquid chromatography,CHMO:0001259,http://purl.obolibrary.org/obo/CHMO_0001259,,
Rheometry,The measurement of the flow and deformation behavior of fluids or soft materials in response to applied stress.,,,FALSE,,Assay,,CHMO,,"Shear rheology, Rheology, Nuclear Rheology, Biopolymer-Rheology",CHMO:0000915,http://purl.obolibrary.org/obo/CHMO_0000915,,Rheometry is the technology used to measure the rheology
Ribo-Seq,"A molecular genetic technique that combines chromatin immunoprecipitation (ChIP) with massively parallel DNA sequencing to map the binding sites of DNA-associated proteins in a sample of cells. First, crosslinked protein-DNA complexes are isolated using ChIP. Next, the crosslinks are broken, the proteins are removed and the purified DNA is modified with adaptor oligonucleotides to facilitate massively parallel DNA sequencing. Following sequencing, the DNA sequences that are obtained can be mapped to their genomic locations.",,,FALSE,,Assay,,EFO,,"Ribo-Seq, Ribo-seq",EFO:0008891,http://www.ebi.ac.uk/efo/EFO_0008891,,
Ribosomal P Protein Antibody Measurement,The determination of the ribosomal P protein antibody present in a sample.,,,FALSE,,Assay,,,,"RPPAB, RPPA, Ribosomal P Protein Antibody",NCIT:C120659,http://purl.obolibrary.org/obo/NCIT_C120659,C120659,
Scanning Angle Interference Microscopy,"Technique of electron microscopy in which the specimen is coated with heavy metal and then scanned by an electron beam. The resolution is not as great as with transmission electron microscopy, but preparation is easier (often by fixation followed by critical point drying), the depth of focus is relatively enormous, the surface of a specimen can be seen (though not the interior unless the specimen is cracked open) and the image is aesthetically pleasing.",,,FALSE,,Assay,,,,Scanning angle interference microscopy,,https://www.nature.com/articles/nmeth.2077,,
Scanning Electron Microscopy,"Technique of electron microscopy in which the specimen is coated with heavy metal and then scanned by an electron beam. The resolution is not as great as with transmission electron microscopy, but preparation is easier (often by fixation followed by critical point drying), the depth of focus is relatively enormous, the surface of a specimen can be seen (though not the interior unless the specimen is cracked open) and the image is aesthetically pleasing.",,,FALSE,,Assay,,,,"Microscopy, Electron, Scanning, SCANNING ELECTRON MICROSCOPY, Scanning Electron Microscopy, Scanning electron microscopy",NCIT:C16855,http://purl.obolibrary.org/obo/NCIT_C16855,C16855,
Second-Harmonic Imaging Microscopy,An imaging technique that produces spatially resolved images based on the differences in the excited state decay rates of fluorescent compounds in a sample.,,,FALSE,,Assay,,,,"Second-harmonic imaging microscopy, second-harmonic imaging",mesh:D000073798,http://id.nlm.nih.gov/mesh/D000073798,,
Shotgun Mass Spectrometry,"An analytical technique wherein ions are separated according to their ratio of charge to mass. From the mass spectrum produced, the atomic weight of the particle can be deduced.",,,FALSE,,Assay,,,,Shotgun mass spectrometry,PRIDE:0000429,http://purl.obolibrary.org/obo/PRIDE_0000429,,
Single Cell ATAC-Seq,"A molecular genetic technique where DNA is isolated from single cell (sc) samples and amplified to create a genomic library. Then the library is subjected to ATAC-seq, which isolates and sequences regions rich in open chromatin.",,,FALSE,,Assay,,,,"Single-cell ATAC-Seq, scATAC-seq, Single Cell ATAC-Seq, scATAC-Seq",NCIT:C179458,http://purl.obolibrary.org/obo/NCIT_C179458,C179458,
Single Cell Cytokine Detection Chip Assay,"A molecular genetic technique that combines chromatin immunoprecipitation (ChIP) with massively parallel DNA sequencing to map the binding sites of DNA-associated proteins in a sample of cells. First, crosslinked protein-DNA complexes are isolated using ChIP. Next, the crosslinks are broken, the proteins are removed and the purified DNA is modified with adaptor oligonucleotides to facilitate massively parallel DNA sequencing. Following sequencing, the DNA sequences that are obtained can be mapped to their genomic locations.",,,FALSE,,Assay,,,,Single cell cytokine detection chip assay,BAO:0010005,http://www.bioassayontology.org/bao#BAO_0010005,,
Single Cell DNA Sequencing,The determination of the sequence of purines and pyrimidines in deoxyribonucleic acid (DNA).,,,FALSE,,Assay,,Wikipedia,,"Single cell dna sequencing, Single Cell Genome Sequencing",NCIT:C223894,http://purl.obolibrary.org/obo/NCIT_C223894,C223894,
Single Cell Gel Electrophoresis,"A rapid, simple, visual and sensitive technique for measuring DNA breakage in individual mammalian cells in response to a test agent. A cell is immobilized in agarose and made permeable and the broken DNA migrates out under the influence of the electric field. A damaged cell has the appearance of a comet with a brightly fluorescent cell body and a tail whose length and fluorescence intensity are related to the number of DNA-strand breaks induced by the test agent.",,,FALSE,,Assay,,,,"Neutral Comet Assay, Alkaline Comet Assay, Neutral comet assay, COMET, Comet Assay",NCIT:C96515,http://purl.obolibrary.org/obo/NCIT_C96515,C96515,"added both Alkaline Comet Assay and Neutral Comet Assay under Single Cell Gel Electrophoresis (a synonym and NCIt preffered term for the broader term, Comet Assay), because there was only one publication with both ""Neutral Comet Assay"" and ""Alkaline Comet Assay"" annotated for it."
Single Cell RNA-Sequencing,"A procedure that determines the nucleotide sequence of RNA transcripts from an amplified sample derived from a single cell, enabling transcriptomic profiling at single-cell resolution.",,,FALSE,,Assay,,,,"scRNA-seq, single-cell time course RNA-Seq of circulating tumor cells",NCIT:C171152,http://purl.obolibrary.org/obo/NCIT_C171152,C171152,
Single Molecule Forster Resonance Energy Transfer,A single-molecule variant of Forster Resonance Energy Transfer (FRET) that measures the distance-dependent energy transfer between two fluorophores on individual molecules to study conformational dynamics and interactions in real time.,,,FALSE,,Assay,,pubMed,,"Single molecule forster resonance energy transfer, smFRET, single molecule Forster Resonance Energy Transfer, single Molecule Forster Resonance Energy Transfer",ECO:0008187,http://purl.obolibrary.org/obo/ECO_0008187,,
Single Nucleotide Polymorphism Array,A genomic microarray-based method able to detect single nucleotide polymorphisms.,,,FALSE,,Assay,,,,"SNP Genotyping, Genotype Chip, SNP Probe, SNP ARRAY, snpArray",NCIT:C116151,http://purl.obolibrary.org/obo/NCIT_C116151,C116151,
Single Nucleus RNA-Sequencing,"Single nucleus RNA sequencing examines RNA transcript sequence information from individual nuclei rather than whole cells, using optimized next-generation sequencing technologies, useful for tissues difficult to dissociate into intact single cells.",,,FALSE,,Assay,,EFO,,Single nucleus rna-sequencing,EFO:0009809,http://www.ebi.ac.uk/efo/EFO_0009809,,
Single-Cell BCR Sequencing,"A molecular genetic technique where DNA is isolated from single cell (sc) samples and amplified to create a genomic library. Then the library is subjected to ATAC-seq, which isolates and sequences regions rich in open chromatin.",,,FALSE,,Assay,,PubMed,,"Single-cell bcr sequencing, Single-Cell B-Cell Receptor Sequencing, scBCR-seq",PMID:31428692,https://pubmed.ncbi.nlm.nih.gov/31428692,,Added by Brynn 1/7/2022
Single-Cell Barcode Chip,"A molecular genetic technique that combines chromatin immunoprecipitation (ChIP) with massively parallel DNA sequencing to map the binding sites of DNA-associated proteins in a sample of cells. First, crosslinked protein-DNA complexes are isolated using ChIP. Next, the crosslinks are broken, the proteins are removed and the purified DNA is modified with adaptor oligonucleotides to facilitate massively parallel DNA sequencing. Following sequencing, the DNA sequences that are obtained can be mapped to their genomic locations.",,,FALSE,,Assay,,,,Single-cell barcode chip,,https://www.ufluidix.com/blog/microfluidic-single-cell-barcode-chip-scbc-reveals-multiple-trajectories-to-drug-tolerance-in-cancer-cells/,,
Single-Cell TCR Sequencing,"A molecular genetic technique where DNA is isolated from single cell (sc) samples and amplified to create a genomic library. Then the library is subjected to ATAC-seq, which isolates and sequences regions rich in open chromatin.",,,FALSE,,Assay,,pubMed,,"Single Cell T Cell Receptor Sequencing, Single-cell tcr sequencing",PMID:30072991,https://pubmed.ncbi.nlm.nih.gov/30072991,,
Single-Molecule Tracking,"A microscopy technique that follows the spatial position of individual fluorescently labeled molecules over time to study their movement, diffusion, or interaction dynamics within a cell.",,,FALSE,,Assay,,pubMed,,Single-molecule tracking,mesh:D000072760,http://id.nlm.nih.gov/mesh/D000072760,,
Sirius Red Staining,"A histological staining technique that uses Sirius Red dye to selectively stain collagen fibers in tissue sections, commonly used to assess fibrosis.",,,FALSE,,Assay,,PubMed,,Sirius red staining,PMID:25023614,https://pubmed.ncbi.nlm.nih.gov/25023614,,
Size Exclusion Chromatography,"Gel permeation or sieve chromatography that is performed on porous gels that separate solutes on the basis of size. Smaller solutes are included within the particles of the gel matrix more frequently than larger solutes, thus affecting elution rates.",,,FALSE,,Assay,,,,"Gel Filtration Chromatography, SIZE EXCLUSION CHROMATOGRAPHY, Gel Filtration Chromatography , Gel Permeation Chromatography",NCIT:C16433,http://purl.obolibrary.org/obo/NCIT_C16433,C16433,
Small-Angle X-ray Scattering,A technique in crystallography in which the pattern produced by the diffraction of x-rays through the closely spaced lattice of atoms in a crystal is recorded and then analyzed to reveal the nature of that lattice.,,,FALSE,,Assay,,CHMO,,"Small-angle x-ray scattering, Small-Angle X-ray Scattering, SEC-SAXS",CHMO:0000204,http://purl.obolibrary.org/obo/CHMO_0000204,,
Soft Agar Assay,Soft agar colony formation assay is performed to assay for anchorage independent growth.,,,FALSE,,Assay,,,,Soft agar assay,NCIT:C16215,http://purl.obolibrary.org/obo/NCIT_C16215,C16215,
Southern Blotting,Electrophoresis-based technique used in genetic testing to detect large deletions in DNA that can be missed by PCR-based genetic testing methods.,,,FALSE,,Assay,,,,"Southern blot, Blotting, Southern, Southern, Southern Blot Hybridization, Southern Blot, Southern blotting",NCIT:C16356,http://purl.obolibrary.org/obo/NCIT_C16356,C16356,
Spectroscopy,"The technique of measuring the emission and absorption of different wavelengths (spectra) of visible and non-visible light. This can be done via a spectroscope, which consists of a slit, prism, collimator lens, object lens, and a grating.",,,FALSE,,Assay,,,,"Spectroscopy, spectroscopy",NCIT:C17155,http://purl.obolibrary.org/obo/NCIT_C17155,C17155,
Statistical Modeling,The statistical characterization of a system to estimate its future behavior based on past behavior and extrapolation.,,,FALSE,,Assay,,,,Statistical modeling,NCIT:C16869,http://purl.obolibrary.org/obo/NCIT_C16869,C16869,
Stimulated Emission Depletion Microscopy,The use of various technologies to resolve the structure or features of objects too small or fine to naturally be seen by eye.,,,FALSE,,Assay,,pubMed,,"Stimulated emission depletion microscopy, STED, Simulation Emission Depletion Microscopy",PMID:3635273,https://pubmed.ncbi.nlm.nih.gov/3635273,,
Stimulated Raman Scattering,Emission of electromagnetic energy with a shorter frequency (longer wavelength) than that of the incident monochromatic light.  Arises from the low probability absorption of quanta with a higher energy than that required for a transition: the difference in energy is emitted as a lower frequency (energy) photon.  Allows analysis of vibrational and rotational energy levels using visible incident light.,,,FALSE,,Assay,,CHMO,,"Stimulated Raman Spectroscopy, Stimulated Raman scattering microscopy, Stimulated raman scattering, Stimulated Raman Scattering Microscopy",CHMO:0000675,http://purl.obolibrary.org/obo/CHMO_0000675,,
Stochastic Optical Reconstruction Microscopy,The use of various technologies to resolve the structure or features of objects too small or fine to naturally be seen by eye.,,,FALSE,,Assay,,FBbi,,"STORM, Stochastic optical reconstruction microscopy",FBbi:00000336,http://purl.obolibrary.org/obo/FBbi_00000336,,
Super-Resolution Microscopy,The use of various technologies to resolve the structure or features of objects too small or fine to naturally be seen by eye.,,,FALSE,,Assay,,Wikipedia,,Super-resolution microscopy,MI:2213,http://purl.obolibrary.org/obo/MI_2213,,
Surface Plasmon Resonance,"A quantum optical-electrical phenomena consisting of an alteration in light reflectance as a result of binding of molecules to a surface from which total internal reflection is occurring. Used to detect macromolecular interactions, SPR can be used as the basis for a sensor which is capable of sensitive and quantitative measurement of a broad spectrum of chemical and biological entities.",,,FALSE,,Assay,,,,"SURFACE PLASMON RESONANCE, Surface plasmon resonance, Surface Plasmon Resonance",NCIT:C18117,http://purl.obolibrary.org/obo/NCIT_C18117,C18117,
Surveyor Nuclease Assay,"An assay that uses the Surveyor nuclease to detect and cleave DNA at sites of sequence mismatch, commonly used to quantify genome-editing efficiency (e.g., after CRISPR/TALEN treatment).",,,FALSE,,Assay,,Wikipedia,,"Surveyor nuclease assay, Surveyor Assay",,https://en.wikipedia.org/wiki/Surveyor_nuclease_assay,,
Synaptophysin Staining Method,"This is an immunohistochemical technique utilizing antibody to synaptophysin, an integral membrane glycoprotein present in presynaptic vesicles in neurons. The antibody labels neuroendocrine cells and neurons of the brain, spinal cord and retina. Used to detect neuroendocrine neoplasms including neuroblastomas, ganglioneuroblastomas, ganglioneuromas, pheochromocytomas, chromaffin, and non-chromaffin paragangliomas.",,,FALSE,,Assay,,,,"SYP Staining Method, Synaptophysin staining method",NCIT:C23029,http://purl.obolibrary.org/obo/NCIT_C23029,C23029,
Synthetic Genetic Array,"A molecular biology device that utilizes a set of defined cDNA clones attached in a specific grid arrangement to a solid support for nucleic acid hybridization assays in gene mapping studies or in determining gene sequences, sequence variations, or gene expression patterns.",,,FALSE,,Assay,,Wikipedia,,Synthetic genetic array,,https://en.wikipedia.org/wiki/Synthetic_genetic_array,,
TAB-Seq,"A molecular genetic technique that combines chromatin immunoprecipitation (ChIP) with massively parallel DNA sequencing to map the binding sites of DNA-associated proteins in a sample of cells. First, crosslinked protein-DNA complexes are isolated using ChIP. Next, the crosslinks are broken, the proteins are removed and the purified DNA is modified with adaptor oligonucleotides to facilitate massively parallel DNA sequencing. Following sequencing, the DNA sequences that are obtained can be mapped to their genomic locations.",,,FALSE,,Assay,,PMID,,"Tab-seq, Tet-Assisted Bisulfite Pyrosequencing",PMID:23196972,https://pubmed.ncbi.nlm.nih.gov/23196972,,Rancho added 2/23/2022
TCR Sequencing,"A DNA sequencing technique that can differentiate cytosine from 5-methylcytosine in a DNA sample. First, a denatured DNA sample is treated with bisulfite which converts non-methylated cytosine to uracil. Next, the sample is amplified using a PCR method that does not discriminate between non-methylated and methylated sequences. The amplified DNA is subjected to nucleotide sequencing. The resulting sequence is compared to an identical control sample of DNA that was not treated with bisulfite. Unmethylated cytosines will be displayed as cytosines in the control sample and as thymines in the bisulfite-treated sample.",,,FALSE,,Assay,,,,"T-cell Receptor Sequencing, Tcr sequencing",NCIT:C189102,http://purl.obolibrary.org/obo/NCIT_C189102,C189102,
TIRF Microscopy,The use of various technologies to resolve the structure or features of objects too small or fine to naturally be seen by eye.,,,FALSE,,Assay,,CHMO,,"Total Internal Reflection Fluorescence Microscopy, Tirf microscopy",CHMO:0000094,http://purl.obolibrary.org/obo/CHMO_0000094,,
TRAP Staining,A staining method used to demonstrate the presence of acid phosphatase and tartrate resistant acid phosphatase (TRAP) in osteoclasts.,,,FALSE,,Assay,,,,"TRACP Staining, TRAcP Staining, Tartrate Resistant Acid Phosphatase Staining Method, TRAP Stain",NCIT:C118401,http://purl.obolibrary.org/obo/NCIT_C118401,C118401,Brynn added 05-09-2022
TUNEL assay,A method to detect apoptosis.,,,FALSE,,Assay,,,,"TUNEL Assay, Terminal deoxynucleotidyl transferase dUTP nick end labeling, TdT-Mediated dUTP Nick End Labeling Assay",NCIT:C19815,http://purl.obolibrary.org/obo/NCIT_C19815,C19815,
Tandem Mass Spectrometry,"Mass spectrometers coupled in series.  The targeted compound is selectively ionized, and its characteristic ions are separated from others in the mixture in the first mass spectrometer. The selected primary ions are then decomposed by collision, and from the resulting products the final mass analyzer selects secondary ions characteristic of the targeted compound. Tandem mass spectrometry can achieve specificities and sensitivities equivalent of those of methods such as radioimmunoassay and gas chromatography/mass spectrometry, while performing analyses in much shorter times.",,,FALSE,,Assay,,,,"MS2, MS/MS, Tandem Mass Spectrometry",NCIT:C18142,http://purl.obolibrary.org/obo/NCIT_C18142,C18142,
Tandem Mass Tagging,"Mass spectrometers coupled in series.  The targeted compound is selectively ionized, and its characteristic ions are separated from others in the mixture in the first mass spectrometer. The selected primary ions are then decomposed by collision, and from the resulting products the final mass analyzer selects secondary ions characteristic of the targeted compound. Tandem mass spectrometry can achieve specificities and sensitivities equivalent of those of methods such as radioimmunoassay and gas chromatography/mass spectrometry, while performing analyses in much shorter times.",,,FALSE,,Assay,,,,TMT,NCIT:C18142,http://purl.obolibrary.org/obo/NCIT_C18142,C18142,
Target Engagement Assay,An assay type that examines the interaction of ligands with their target biomolecules.,,,FALSE,,Assay,,,,"TE Assay, TARGET ENGAGEMENT",NCIT:C181182,http://purl.obolibrary.org/obo/NCIT_C181182,C181182,
Targeted Genome Sequencing,A DNA sequencing technique in which selected regions of an individual's genome are sequenced.,,,FALSE,,Assay,,,,"Targeted genome sequencing, TARGETED GENOME SEQUENCING",NCIT:C158253,http://purl.obolibrary.org/obo/NCIT_C158253,C158253,
Targeted Transcriptome Sequencing,An RNA sequencing technique in which selected RNA transcripts of an individual's genome are sequenced.,,,FALSE,,Assay,,,,"nextGenerationTargetedSequencing, TARGETED TRANSCRIPTOME SEQUENCING, Targeted RNA-Seq, Targeted RNA-Sequencing",NCIT:C158252,http://purl.obolibrary.org/obo/NCIT_C158252,C158252,
Thermal Shift Assay,A molecular biology technique used to detect the interaction of a DNA binding protein with its cognate binding sequence.  Labeled DNAs were reacted with crude cell extracts and the complexes are run through a non-denaturing polyacrylamide gel.  The migration of the labeled DNA through the gel will be slower by being bound.  This shift in electrophoretic mobility indicates functional binding between the protein and the DNA.,,,FALSE,,Assay,,BAO,,"Cellular Thermal Shift Assay, Thermal shift assay",BAO:0010261,http://www.bioassayontology.org/bao#BAO_0010261,,
Thin-Layer Chromatography,"A planar chromatography technique in which the stationary phase is a thin layer of sorbent applied to a rigid backing (e.g., glass or aluminum), used to separate mixtures of compounds.",,,FALSE,,Assay,,CHMO,,"TLC, Thin-layer chromatography",CHMO:0001007,http://purl.obolibrary.org/obo/CHMO_0001007,,Added by Rancho 03/01/2022
Tiling Array,"A molecular biology device that utilizes a set of defined cDNA clones attached in a specific grid arrangement to a solid support for nucleic acid hybridization assays in gene mapping studies or in determining gene sequences, sequence variations, or gene expression patterns.",,,FALSE,,Assay,,EFO,,"Tiling array, Genome Tiling Array",EFO:0002704,http://www.ebi.ac.uk/efo/EFO_0002704,,Added by Brynn 05/24/2022
Time Lapse Microscopy,The use of various technologies to resolve the structure or features of objects too small or fine to naturally be seen by eye.,,,FALSE,,Assay,,CHMO,,"Time lapse microscopy, time-lapse fluorescence microscopy",CHMO:0001074,http://purl.obolibrary.org/obo/CHMO_0001074,,
Time-Correlated Single Photon Counting,A fluorescence detection technique that measures the relaxation (decay) rate of excited fluorescent molecules by timing individual detected photons relative to an excitation laser pulse.,,,FALSE,,Assay,,CHMO,,"TCSPC, Time-correlated single photon counting",CHMO:0001963,http://purl.obolibrary.org/obo/CHMO_0001963,,Added by Rancho on 2/23/2022
Tissue Engineering,"Application of the principles of bioengineering to combining scaffolds, cells, and biologically active molecules into functional tissues. The goal of tissue engineering is to assemble functional constructs that restore, maintain, or improve damaged tissues or whole organs.",,,FALSE,,Assay,,,,tissue engineered scaffold,NCIT:C18075,http://purl.obolibrary.org/obo/NCIT_C18075,C18075,
Tissue Microarray,"A device for use in high-throughput molecular analysis/screening of clinical tissue specimens.  Tissue microarrays spatially arrange 500-1000 tumor biopsies or other tissue onto a microarray block, which is then sliced into sections for probing DNA, RNA or protein targets to provide coincident analysis of all specimens in the array.  Subsequent sections can be analyzed with additional probes.",,,FALSE,,Assay,,,,"Tissue Chip,  Tissue Arrays, TMA",NCIT:C19922,http://purl.obolibrary.org/obo/NCIT_C19922,C19922,Added by Brynn 11/15/2022
Total Internal Reflection Fluorescence Microscopy,"The use of a special microscope to see objects that give off fluorescent light. For example, cells or tissue can be treated with a substance that contains a fluorescent dye. The dye lights up when viewed under a microscope with a special light.",,,FALSE,,Assay,,CHMO,,Total internal reflection fluorescence microscopy,CHMO:0000094,http://purl.obolibrary.org/obo/CHMO_0000094,,
Traction Force Microscopy,A technique utilizing a scanning probe to image and analyze the surface of a material with atomic-level resolution.,,,FALSE,,Assay,,Wikipedia,,"tractionForceMicroscopy, Traction force microscopy",,https://en.wikipedia.org/wiki/Traction_force_microscopy,,
Transmission Electron Microscopy,An electron microscopy imaging technique that is utilized to examine structural components of a sample by passing electrons through the specimen.,,,FALSE,,Assay,,,,"Transmission electron microscopy, TRANSMISSION ELECTRON MICROSCOPY, Microscopy, Electron, Transmission, TEM",NCIT:C18216,http://purl.obolibrary.org/obo/NCIT_C18216,C18216,
Transwell Assay,"An assay that uses a porous membrane insert (Transwell) to separate two cell compartments, commonly used to measure cell migration, invasion, or barrier permeability.",,,FALSE,,Assay,,pubMed,,Transwell assay,BAO:0020015,http://www.bioassayontology.org/bao#BAO_0020015,,
UPLC-MSMS,"An analytical technique combining ultra-performance liquid chromatography (UPLC) with tandem mass spectrometry (MS/MS) to separate, identify, and quantify compounds such as metabolites or proteins in complex biological samples.",,,FALSE,,Assay,,,,"Ultra-performance liquid chromatography-tandem mass spectrometry, Uplc-msms",,https://pubmed.ncbi.nlm.nih.gov/20061193/,,
UV Photocrosslinking,"A technique that covalently crosslinks nucleic acids to interacting proteins using ultraviolet light, used to capture and study protein-nucleic acid interactions.",,,FALSE,,Assay,,,,"UV photocrosslinking, Uv photocrosslinking",MI:0430,http://purl.obolibrary.org/obo/MI_0430,,
Unspecified,Not stated explicitly or in detail.,,,FALSE,,Assay,,,,"Not Specified, UNSPECIFIED, Not Assigned, unspecified",NCIT:C38046,http://purl.obolibrary.org/obo/NCIT_C38046,C38046,
Vibrational Spectroscopy,"The technique of measuring the emission and absorption of different wavelengths (spectra) of visible and non-visible light. This can be done via a spectroscope, which consists of a slit, prism, collimator lens, object lens, and a grating.",,,FALSE,,Assay,,CHMO,,Vibrational spectroscopy,CHMO:0000628,http://purl.obolibrary.org/obo/CHMO_0000628,,
Virus Plaque Assay,"An assay that is used to determine viral quantity by infecting monolayers of host cells with serially diluted virus, covering the monolayers with an immobilizing overlay after a period of incubation to restrict the spread of the virus to neighboring cells, and counting the resulting visible plaques of infected cells.",,,FALSE,,Assay,,,,"VIRUS PLAQUE ASSAY, Virus plaque assay",NCIT:C174336,http://purl.obolibrary.org/obo/NCIT_C174336,C174336,
Von Kossa Staining,"A histochemical staining method that detects calcium deposits (e.g., in bone or calcified tissue) using silver nitrate to precipitate calcium phosphates and carbonates.",,,FALSE,,Assay,,Wikipedia,,"von Kossa staining, Von kossa staining",SNOMED:117008001,http://snomed.info/id/117008001,,
Western Blotting,A method for the detection or identification of proteins or peptides that have been separated by gel electrophoresis and transferred onto nitrocellulose or other type of paper or nylon membrane. The proteins are then detected by reaction with enzymatically labeled or radiolabeled antibody probes.,,,FALSE,,Assay,,,,"Western Blot, Blotting, Western, Immunoblotting, westernBlot, WESTERN BLOT",NCIT:C16357,http://purl.obolibrary.org/obo/NCIT_C16357,C16357,
Whole Exome Sequencing,A procedure that can determine the DNA sequence for all of the exons in an individual.,,,FALSE,,Assay,,,,"WXS, WES, exomeSeq, Whole-exome sequencing, Exome Sequencing, Exome, WHOLE EXOME SEQUENCING, Whole-Exome Sequencing, WXS (whole exome sequencing)",NCIT:C101295,http://purl.obolibrary.org/obo/NCIT_C101295,C101295,
Whole Genome Bisulfite Sequencing,A procedure that can determine the DNA sequence for nearly the entire genome of an individual.,,,FALSE,,Assay,,Wikipedia,,"Whole Genome Bisulfite Sequencing;WGBS, Whole genome bisulfite sequencing",OBI:0001863,http://purl.obolibrary.org/obo/OBI_0001863,,
Whole Genome Sequencing,A procedure that can determine the DNA sequence for nearly the entire genome of an individual.,,,FALSE,,Assay,,,,"WGS (whole genome sequencing), Whole-Genome Sequencing, WHOLE GENOME SEQUENCING, WGS, wholeGenomeSeq",NCIT:C101294,http://purl.obolibrary.org/obo/NCIT_C101294,C101294,
Widefield Fluorescence Microscopy,"The use of a special microscope to see objects that give off fluorescent light. For example, cells or tissue can be treated with a substance that contains a fluorescent dye. The dye lights up when viewed under a microscope with a special light.",,,FALSE,,Assay,,,,"Widefield fluorescence microscopy, widefieldFluorescenceMicroscopy",OBI:0002437,http://purl.obolibrary.org/obo/OBI_0002437,,
Wound-Healing Assay,A cell-based assay that measures cell motility by creating a 'wound' (gap) in a confluent cell monolayer and capturing the migration of cells to close the gap over time.,,,FALSE,,Assay,,,,Wound-healing assay,ECO:0001099,http://purl.obolibrary.org/obo/ECO_0001099,,
X-Ray Crystallography,A technique in crystallography in which the pattern produced by the diffraction of x-rays through the closely spaced lattice of atoms in a crystal is recorded and then analyzed to reveal the nature of that lattice.,,,FALSE,,Assay,,,,"Crystallography, X-Ray Diffraction, Crystallography, X-Ray/Neutron, X-Ray Crystallography, Single Crystal Diffraction, X-ray crystallography",NCIT:C17672,http://purl.obolibrary.org/obo/NCIT_C17672,C17672,
X-Ray Diffraction,A technique in crystallography in which the pattern produced by the diffraction of x-rays through the closely spaced lattice of atoms in a crystal is recorded and then analyzed to reveal the nature of that lattice.,,,FALSE,,Assay,,CHMO,,X-ray diffraction,CHMO:0000156,http://purl.obolibrary.org/obo/CHMO_0000156,,Added as X-ray Diffraction Spectroscopy by Rancho on 2/23/2022. Changed to X-Ray Diffraction by Brynn.
X-Ray Micro-Computed Tomography,An imaging technique for examining structures within the body by scanning them with X rays and using a computer to construct a series of cross-sectional scans along a single axis.,,,FALSE,,Assay,,PMID,,"Micro-CT, X-ray micro-computed tomography",PMID:28419369,https://pubmed.ncbi.nlm.nih.gov/28419369,,
Xenograft,"Cells, tissues, or organs from a donor that are transplanted into a recipient of another species.",,,FALSE,,Assay,,,,"Heterograft, Xenotransplant, Xenograft Tissue",NCIT:C12932,http://purl.obolibrary.org/obo/NCIT_C12932,C12932,
cDNA Array,"A molecular biology device that utilizes a set of defined cDNA clones attached in a specific grid arrangement to a solid support for nucleic acid hybridization assays in gene mapping studies or in determining gene sequences, sequence variations, or gene expression patterns.",,,FALSE,,Assay,,,,"rnaArray, cDNA Microarray",NCIT:C19819,http://purl.obolibrary.org/obo/NCIT_C19819,C19819,
eCLIP-Seq,"A molecular genetic technique that combines chromatin immunoprecipitation (ChIP) with massively parallel DNA sequencing to map the binding sites of DNA-associated proteins in a sample of cells. First, crosslinked protein-DNA complexes are isolated using ChIP. Next, the crosslinks are broken, the proteins are removed and the purified DNA is modified with adaptor oligonucleotides to facilitate massively parallel DNA sequencing. Following sequencing, the DNA sequences that are obtained can be mapped to their genomic locations.",,,FALSE,,Assay,,EFO,,"Eclip-seq, eCLIP",EFO:0009998,http://www.ebi.ac.uk/efo/EFO_0009998,,Rancho added 03/01/2022
mRNA Sequencing,A procedure that can determine the RNA sequences for all or part of the poly-A tail-containing messenger RNA transcripts in an individual.,,,FALSE,,Assay,,,,"Poly(A) RNA Sequencing, Poly-A RNA Sequencing, mRNA-Seq, Mrna sequencing, Messenger RNA Sequencing",NCIT:C129432,http://purl.obolibrary.org/obo/NCIT_C129432,C129432,
qPCR,An application of PCR that measures the products generated during each cycle of the polymerase chain reaction process in order to determine the starting amount of template in the reaction.,,,FALSE,,Assay,,,,"Quantitative Real Time PCR, Real-Time PCR, Quantitative Real Time Polymerase Chain Reaction, Real Time-PCR, quantitative PCR, Real Time PCR, Real Time Polymerase Chain Reaction, REAL-TIME POLYMERASE CHAIN REACTION ASSAY, Molecular Real-Time Quantitative Polymerase Chain Reaction, Quantitative PCR",NCIT:C51962,http://purl.obolibrary.org/obo/NCIT_C51962,C51962,
scCGI-seq,"A molecular genetic technique that combines chromatin immunoprecipitation (ChIP) with massively parallel DNA sequencing to map the binding sites of DNA-associated proteins in a sample of cells. First, crosslinked protein-DNA complexes are isolated using ChIP. Next, the crosslinks are broken, the proteins are removed and the purified DNA is modified with adaptor oligonucleotides to facilitate massively parallel DNA sequencing. Following sequencing, the DNA sequences that are obtained can be mapped to their genomic locations.",,,FALSE,,Assay,,,,,,,,
scNT-Seq,"A molecular genetic technique that combines chromatin immunoprecipitation (ChIP) with massively parallel DNA sequencing to map the binding sites of DNA-associated proteins in a sample of cells. First, crosslinked protein-DNA complexes are isolated using ChIP. Next, the crosslinks are broken, the proteins are removed and the purified DNA is modified with adaptor oligonucleotides to facilitate massively parallel DNA sequencing. Following sequencing, the DNA sequences that are obtained can be mapped to their genomic locations.",,,FALSE,,Assay,,PubMed,,"Scnt-seq, single-cell metabolically labeled new RNA tagging sequencing",PMID:32868927,https://pubmed.ncbi.nlm.nih.gov/32868927,,Added by Brynn 04-11-2022
scSLAM-seq,"A molecular genetic technique that combines chromatin immunoprecipitation (ChIP) with massively parallel DNA sequencing to map the binding sites of DNA-associated proteins in a sample of cells. First, crosslinked protein-DNA complexes are isolated using ChIP. Next, the crosslinks are broken, the proteins are removed and the purified DNA is modified with adaptor oligonucleotides to facilitate massively parallel DNA sequencing. Following sequencing, the DNA sequences that are obtained can be mapped to their genomic locations.",,,FALSE,,Assay,,PubMed,,"single-cell, thiol-(SH)-linked alkylation of RNA for metabolic labelling sequencing, Scslam-seq",PMID:31292545,https://pubmed.ncbi.nlm.nih.gov/31292545,,Added by Brynn 04-11-2022
seqFISH,seqFISH is an in situ multiplexed imaging method that uses sequential rounds of fluorescence in situ hybridization to identify large numbers of RNA species within intact cells.,,,FALSE,,Assay,,EFO,,"Sequential Fluorescence In Situ Hybridization, Seqfish",EFO:0008991,http://www.ebi.ac.uk/efo/EFO_0008991,,Added by Rancho on 2/23/2022
shRNA,An artificial RNA molecule with a tight hairpin turn that can be used to silence target gene expression via RNA interference (RNAi).,,,FALSE,,Assay,,,,"Short Hairpin Sequence RNA, Short Hairpin RNA",NCIT:C123893,http://purl.obolibrary.org/obo/NCIT_C123893,C123893,
siRNA,A 20 to 25-nucleotide double-stranded RNA which is involved in a sequence-specific messenger RNA degradation process known as RNA interference.,,,FALSE,,Assay,,,,"SMALL INTERFERING RNA, Sirna, Small Interfering RNA, siRNA",NCIT:C2191,http://purl.obolibrary.org/obo/NCIT_C2191,C2191,
smFISH,"Single-molecule RNA FISH, a method for detecting and localizing individual RNA molecules within cells using short, fluorescently labeled oligonucleotide probes.",,,FALSE,,Assay,,EFO,,"Smfish, Single‚Äêmolecule Fluorescence In Situ Hybridization",EFO:0009918,http://www.ebi.ac.uk/efo/EFO_0009918,,Added by Rancho on 2/23/2022
smRNA-seq,"A molecular genetic technique that combines chromatin immunoprecipitation (ChIP) with massively parallel DNA sequencing to map the binding sites of DNA-associated proteins in a sample of cells. First, crosslinked protein-DNA complexes are isolated using ChIP. Next, the crosslinks are broken, the proteins are removed and the purified DNA is modified with adaptor oligonucleotides to facilitate massively parallel DNA sequencing. Following sequencing, the DNA sequences that are obtained can be mapped to their genomic locations.",,,FALSE,,Assay,,,,,OBI:0002112,http://purl.obolibrary.org/obo/OBI_0002112,,
snRNA-seq,"A molecular genetic technique that combines chromatin immunoprecipitation (ChIP) with massively parallel DNA sequencing to map the binding sites of DNA-associated proteins in a sample of cells. First, crosslinked protein-DNA complexes are isolated using ChIP. Next, the crosslinks are broken, the proteins are removed and the purified DNA is modified with adaptor oligonucleotides to facilitate massively parallel DNA sequencing. Following sequencing, the DNA sequences that are obtained can be mapped to their genomic locations.",,,FALSE,,Assay,,,,,EFO:0009809,http://www.ebi.ac.uk/efo/EFO_0009809,,
Isothermal Titration Calorimetry,The measurement of thermodynamic parameters (e.g. enthalpy) at constant temperature during a titration.,,,FALSE,,Assay,,CHMO,,,CHMO:0000683,http://purl.obolibrary.org/obo/CHMO_0000683,,Added by Brynn 01/05/2023
Suspended Microchannel Resonator,"Particles are weighed in real-time with the suspended microchannel resonator (SMR) as they flow through a hollow cantilever. In addition to weighing particles with femtogram precision, the SMR can also measure mass density with a resolution of 10-4 g/mL. This is possible since the microchannel resonant frequency is determined by the difference in mass of the particle with respect to that of the displaced fluid. Thus, the particle's density is determined by measuring its mass in two fluids of different densities. The SMR can measure the growth of single cells as well as the absorption of biomolecules to microchannel walls. Scaling the current SMR design by ten-fold will result in a thousand-fold improvement in mass resolution (attogram) and thereby enable single viruses to be weighed with high precision.",,,FALSE,,Assay,,PubMed,,SMR,PMID:17460669,https://pubmed.ncbi.nlm.nih.gov/17460669,,
10x Multiome,A single-cell multiomic assay that simultaneously profiles gene expression (RNA) and chromatin accessibility (ATAC) from the same individual cell.,,,FALSE,,Assay,,EFO,,,EFO:0030059,http://www.ebi.ac.uk/efo/EFO_0030059,,OB 4/25/23
Visium Spatial Gene Expression,A spatial transcriptomics method developed by 10x Genomics that measures the whole transcriptome or a defined set of transcripts within intact tissue sections while preserving spatial context.,,,FALSE,,Assay,,EFO,,,EFO:0010961,http://www.ebi.ac.uk/efo/EFO_0010961,,OB 4/18/23
Antitumor Drug Screening Assay,A technique used to assess the effectiveness of a potential antineoplastic agent against tumor cells.,,,FALSE,,Assay,,NCIT,,,NCIT:C15229,http://purl.obolibrary.org/obo/NCIT_C15229,C15229,OB 5/22/23
Bioelectrochemical Analysis,The use of an electrochemical cell to measure a qualitative or quantitative response of a biological system.,,,FALSE,,Assay,,CHMO,,,CHMO:0002504,http://purl.obolibrary.org/obo/CHMO_0002504,,OB 5/23/23
Chimeric Antigen Receptor T-Cell Therapy,"Treatment that uses T-cells engineered to express a chimeric antigen receptor (CAR) that specifically targets a particular antigen, most commonly used in cancer immunotherapy.",,,FALSE,,Assay,,NCIT,,,NCIT:C126102,http://purl.obolibrary.org/obo/NCIT_C126102,C126102,OB 4/19/23
Cell Cycle Assay,"An assay that measures the distribution of cells across different phases of the cell cycle (G0/G1, S, G2/M) to evaluate proliferation status or cell cycle perturbations.",,,FALSE,,Assay,,BAO,,,BAO:0002041,http://www.bioassayontology.org/bao#BAO_0002041,,OB 4/24/23
Clonality Analysis,A molecular analysis performed to determine whether a population of cells is descended from a single progenitor cell.,,,FALSE,,Assay,,NCIT,,,NCIT:C63327,http://purl.obolibrary.org/obo/NCIT_C63327,C63327,OB 5/18/23
Comparative Genomic Hybridization,A technique that detects losses and gains in DNA copy number across an entire genome without the need for cell culturing.,,,FALSE,,Assay,,NCIT,,,NCIT:C18084,http://purl.obolibrary.org/obo/NCIT_C18084,C18084,OB 5/22/23
Cryo-Electron Microscopy,"Electron microscopy performed on an aqueous sample suspension that is applied as an extremely thin film to a grid and rapidly frozen, preserving its near-native structure for imaging.",,,FALSE,,Assay,,NCIT,,,NCIT:C18113,http://purl.obolibrary.org/obo/NCIT_C18113,C18113,OB 5/17/23
Cryo-Electron Tomography,A form of electron tomography in which a cryo-preserved specimen is tilted incrementally in a cryogenic transmission electron microscope to acquire a series of images used to reconstruct its 3D structure.,,,FALSE,,Assay,,PubMed,,,FBbi:00100015,http://purl.obolibrary.org/obo/FBbi_00100015,,OB 5/17/23
Data Integration,"The process of combining data from multiple sources or of different types into a unified, consistent representation for analysis.",,,FALSE,,Assay,,T4FS,,,T4FS:0000487,http://purl.obolibrary.org/obo/T4FS_0000487,,OB 4/14/23
Field-Emission Scanning Electron Microscopy,"Scanning electron microscopy that uses a field-emission electron source to produce a finely focused, high-resolution electron beam.",,,FALSE,,Assay,,CHMO,,,CHMO:0000074,http://purl.obolibrary.org/obo/CHMO_0000074,,OB 4/19/23
Label-free Protein Quantification by LC/MS,A method for quantitating proteins in samples subjected to liquid chromatography-mass spectrometry (LC/MS) without the use of isotopic or chemical labels.,,,FALSE,,Assay,,NCIT,,,NCIT:C161825,http://purl.obolibrary.org/obo/NCIT_C161825,C161825,OB 4/24/23
Metabolite Profiling Assay,An assay that detects and identifies small-molecule chemical entities resulting from biochemical and cellular metabolism.,,,FALSE,,Assay,,OBI,,,OBI:0000366,http://purl.obolibrary.org/obo/OBI_0000366,,OB 4/19/23
Reporter Gene Assay,"An assay that uses a reporter gene (e.g., luciferase, GFP, beta-galactosidase) whose measurable expression serves as a readout of the activity of a promoter, enhancer, or other regulatory element.",,,FALSE,,Assay,,BAO,,,BAO:0003006,http://www.bioassayontology.org/bao#BAO_0003006,,OB 4/24/23
Single-Molecule Localization Microscopy,A super-resolution fluorescence microscopy technique that localizes individual fluorophore molecules with high precision over many imaging cycles to reconstruct an image beyond the diffraction limit.,,,FALSE,,Assay,,PubMed,,,,https://pubmed.ncbi.nlm.nih.gov/35663461/,,OB 4/14/23
Synthesis,"The process of producing a chemical compound, usually by the union of simpler chemical compounds.",,,FALSE,,Assay,,NCIT,,,NCIT:C61408,http://purl.obolibrary.org/obo/NCIT_C61408,C61408,OB 5/17/23
Targeted Therapy Agent,"Any agent that specifically targets or interferes with the synthesis or function of a molecule expressed specifically in or on cells relevant to a disease process, such as a tumor.",,,FALSE,,Assay,,NCIT,,,NCIT:C163758,http://purl.obolibrary.org/obo/NCIT_C163758,C163758,OB 5/17/23
Trichrome Staining Method,"A histological staining method that uses acid dyes and washes to selectively stain structural elements in tissue samples in three or more contrasting colors, commonly used to visualize collagen and muscle fibers.",,,FALSE,,Assay,,NCIT,,,NCIT:C23012,http://purl.obolibrary.org/obo/NCIT_C23012,C23012,OB 5/19/23
Ultrasound Imaging,The use of high-frequency sound waves to generate images of internal body structures.,,,FALSE,,Assay,,NCIT,,,NCIT:C17230,http://purl.obolibrary.org/obo/NCIT_C17230,C17230,OB 5/19/23
Transcription profiling by NanoString,A gene expression profiling technique that uses the NanoString nCounter system's multiplexed probe hybridization to capture and digitally count individual mRNA transcripts.,,,FALSE,,Assay,,EFO,,Nanostring nCounter,EFO:0030058,http://www.ebi.ac.uk/efo/EFO_0030058,,OB 6/20/23
Alcian Blue Staining Method,"A microscopy staining method that uses Alcian Blue, a cationic copper-containing dye, to detect acidic mucosubstances and glycosaminoglycans in tissue.",,,FALSE,,Assay,,NCIt,,,NCIT:C92299,http://purl.obolibrary.org/obo/NCIT_C92299,C92299,AG 2023-09-22
Artificial Intelligence,"The branch of computer science concerned with creating systems that can perform tasks normally requiring human intelligence, such as learning, reasoning, and problem-solving.",,,FALSE,,Assay,,NCIt,,,NCIT:C16309,http://purl.obolibrary.org/obo/NCIT_C16309,C16309,AG 2023-09-22
Cell Culture,"The maintenance and growth of cells, derived from a strain or cell line, in a controlled laboratory environment outside their original organism.",,,FALSE,,Assay,,NCIt,,,NCIT:C16396,http://purl.obolibrary.org/obo/NCIT_C16396,C16396,AG 2023-09-22
Clinical Study,"Research conducted with human subjects or human-derived material in which an investigator directly interacts with subjects, encompassing clinical trials as well as epidemiologic, behavioral, and health services research.",,,FALSE,,Assay,,NCIt,,Clincal Trial,NCIT:C71104,http://purl.obolibrary.org/obo/NCIT_C71104,C71104,AG 2023-09-22
Cell-free Circulating Tumor DNA Assay,"An assay used to detect cell-free circulating tumor DNA in a biological sample, for identification of molecular residual disease and assessment of treatment response.",,,FALSE,,Assay,,NCIt,,,NCIT:C182622,http://purl.obolibrary.org/obo/NCIT_C182622,C182622,AG 2023-09-22
Co-Immunoprecipitation Mass Spectrometry,A method that combines co-immunoprecipitation (using an antibody to pull down a protein and its binding partners) with mass spectrometry to identify protein-protein interaction partners.,,,FALSE,,Assay,,EBI,,,,https://www.ebi.ac.uk/training/online/courses/protein-interactions-and-their-importance/where-do-the-data-come-from/co-immunoprecipitation/,,AG 2023-09-22
Deep Learning,"A subset of machine learning based on artificial neural networks with multiple layers, capable of learning complex representations directly from data.",,,FALSE,,Assay,,NCIt,,,NCIT:C176258,http://purl.obolibrary.org/obo/NCIT_C176258,C176258,AG 2023-09-22
Gene Ontology Enrichment Analysis,"A statistical method that determines whether genes annotated with particular Gene Ontology (GO) terms are significantly over- or under-represented within a gene list of interest, relative to a background set.",,,FALSE,,Assay,,GO,,,EDAM:operation_3501,http://edamontology.org/operation_3501,,AG 2023-09-22
Gene Set Enrichment Analysis,"An inferential statistical data analysis that determines whether an a priori defined set of genes shows statistically significant, concordant differences in expression between two biological states.",,,FALSE,,Assay,,GSEA,,GSEA,OBCS:0000147,http://purl.obolibrary.org/obo/OBCS_0000147,,AG 2023-09-22
Gene Silencing ,"The process by which the expression of a specific gene is suppressed, occurring naturally (e.g., via RNA interference or DNA methylation) or induced experimentally as a research tool.",,,FALSE,,Assay,,NCIt,,,NCIT:C39200,http://purl.obolibrary.org/obo/NCIT_C39200,C39200,AG 2023-09-22
Human Induced Pluripotent Stem Cell-derived Cardiomyocytes Culture,"The in vitro culture of cardiomyocytes (heart muscle cells) that have been differentiated from human induced pluripotent stem cells (iPSCs), used to model cardiac biology and disease.",,,FALSE,,Assay,,NCBI,,hiPSC-CM ,,https://www.ncbi.nlm.nih.gov/pmc/articles/PMC6831300/,,AG 2023-09-22
Imaging Mass Cytometry,"A method that combines laser ablation of tissue specimens with mass spectrometry to image antibodies tagged with isotopically pure metals, enabling highly multiplexed spatial protein detection.",,,FALSE,,Assay,,Nature,,IMC,NCIT:C182027,http://purl.obolibrary.org/obo/NCIT_C182027,C182027,AG 2023-09-22
Immunofluorescent Staining Method,A microscopy staining method that uses fluorescently labeled antibodies to detect specific target antigens in preserved cells or tissue.,,,FALSE,,Assay,,NCIt,,,NCIT:C142337,http://purl.obolibrary.org/obo/NCIT_C142337,C142337,AG 2023-09-22
Immunotherapy,"Therapy designed to induce changes in a patient's immune status in order to treat disease, such as cancer.",,,FALSE,,Assay,,NCIt,,,NCIT:C15262,http://purl.obolibrary.org/obo/NCIT_C15262,C15262,AG 2023-09-22
Viral Transduction,The transfer of genetic material into a cell using a viral vector.,,,FALSE,,Assay,,NCIt,,,NCIT:C142787,http://purl.obolibrary.org/obo/NCIT_C142787,C142787,AG 2023-09-22
Metastatic Colonization Assay,"An in vivo assay that measures the ability of tumor cells to establish and grow secondary colonies at a distant site after introduction into a host organism, modeling the colonization step of metastasis.",,,FALSE,,Assay,,NCBI,,,,https://www.ncbi.nlm.nih.gov/pmc/articles/PMC5029466/,,AG 2023-09-22
Phylogenetic Analysis,"The study of evolutionary relationships among organisms or sequences, typically represented as a branching tree (phylogeny) inferred from molecular or morphological data.",,,FALSE,,Assay,,NCIt,,,NCIT:C18940,http://purl.obolibrary.org/obo/NCIT_C18940,C18940,AG 2023-09-25
Picrosirius Staining,"A histochemical staining method using picric acid and Sirius Red dye to selectively stain collagen fibers, commonly used to assess fibrosis and collagen organization in tissue sections.",,,FALSE,,Assay,,Elsevier,,,SNOMED:51567006,http://snomed.info/id/51567006,,AG 2023-09-22
Scratch Assay,"A cell-based assay, synonymous with the wound-healing assay, in which a 'scratch' is made in a confluent cell monolayer and the subsequent migration of cells to close the gap is measured over time.",,,FALSE,,Assay,,Pubmed,,,ECO:0001099,http://purl.obolibrary.org/obo/ECO_0001099,,AG 2023-09-22
Structural Variant Analysis,"The computational analysis of sequencing or array data to detect large-scale genomic alterations such as deletions, duplications, insertions, inversions, and translocations.",,,FALSE,,Assay,,NCBI,,,,"https://www.ncbi.nlm.nih.gov/dbvar/content/overview/#:~:text=Structural%20variation%20(SV)%20is%20generally,copy%20number%20variants%20(CNVs).",,AG 2023-09-22
Survival Analysis,"A statistical method that analyzes the duration of time until an event of interest occurs, such as death, disease recurrence, or treatment failure.",,,FALSE,,Assay,,NCIt,,,NCIT:C53372,http://purl.obolibrary.org/obo/NCIT_C53372,C53372,AG 2023-09-22
Targeted Error Correction Sequencing,A targeted sequencing approach that incorporates molecular barcoding or redundant sequencing of the same DNA molecule to computationally distinguish true low-frequency variants from sequencing errors.,,,FALSE,,Assay,,NCBI,,TEC-Seq,,"https://www.ncbi.nlm.nih.gov/pmc/articles/PMC6714979/#:~:text=We%20have%20developed%20an%20approach,related%20genes%20encompassing%2081%20kb.",,AG 2023-09-22
Tuba-Seq,Tumor barcoding with ultradeep barcode sequencing,,,FALSE,,Assay,,EFO,,,EFO:0008979,http://www.ebi.ac.uk/efo/EFO_0008979,,OB 2024-02-05
SDS-PAGE,A protein assay that allows protein separation by mass in a polyacrylamide-based discontinuous gel.,,,FALSE,,Assay,,,,,EFO:0010936,http://www.ebi.ac.uk/efo/EFO_0010936,,OB 2024-02-05
Cell Fractionation,"A technique in which sub-cellular components are separated based on their physical properties, such as density in a sucrose density gradient.",,,FALSE,,Assay,,,,,MMO:0000679,http://purl.obolibrary.org/obo/MMO_0000679,,OB 2024-02-05
Multiscale Light Sheet Microscopy,"A light-sheet fluorescence microscopy approach that combines imaging at multiple spatial scales (e.g., whole-organism to subcellular) within the same experiment.",,,FALSE,,Assay,,,,,OBI:0003098,http://purl.obolibrary.org/obo/OBI_0003098,,OB 2024-07-18
Light Sheet Microscopy,"A fluorescence microscopy technique that captures photons emitted by fluorophores excited with a thin sheet of laser light, illuminating only a thin region of the sample at a time.",,,FALSE,,Assay,,,,,OBI:0003098,http://purl.obolibrary.org/obo/OBI_0003098,,OB 2024-09-26
CODEX,A highly multiplexed cytometric imaging approach that iteratively visualizes many protein targets in a single tissue staining reaction.,,,FALSE,,Assay,,,,,NCIT:C181931,http://purl.obolibrary.org/obo/NCIT_C181931,C181931,OB 2025-05-20
