Attribute,Description,Valid Values,DependsOn,Required,Properties,Parent,DependsOn Component,Source,Validation Rules,Nonpreferred Terms,Ontology Identifier,Ontology Url,NCIt Code,Notes
Cutaneous Melanoma,"A primary melanoma arising from atypical melanocytes in the skin.  Precursor lesions include acquired and congenital melanocytic nevi, and dysplastic nevi.  Several histologic variants have been recognized, including superficial spreading melanoma, acral lentiginous melanoma, nodular melanoma, and lentigo maligna melanoma.",,,FALSE,,Tumor Type,,,,"Melanoma of Skin, Malignant Melanoma of Skin, Skin Melanoma, Malignant Melanoma (of Skin), Stage Unspecified, Cutaneous (Skin) Melanoma, CM, Skin, Melanoma, Skin Cutaneous Melanoma, Melanoma of the Skin, Malignant Melanoma of Skin Stage Unspecified, Malignant Cutaneous Melanoma",NCIT:C3510,http://purl.obolibrary.org/obo/NCIT_C3510,C3510,Added by Brynn 5/24/2022
Acinar Cell Carcinoma,A malignant glandular epithelial neoplasm consisting of secretory cells forming acinar patterns. Representative examples include the acinar cell carcinoma of the pancreas and the acinar adenocarcinoma of the prostate gland.,,,FALSE,,Tumor Type,,ICD-O-3,,"Acinar Carcinoma, Acinar adenocarcinoma, Acinar Cell Adenocarcinoma, Acinar carcinoma, Acinic Cell Carcinoma, Acinic Cell Adenocarcinoma, Acinar Adenocarcinoma, Acinic cell adenocarcinoma",NCIT:C3768,http://purl.obolibrary.org/obo/NCIT_C3768,C3768,
Acute Lymphoblastic Leukemia,"Leukemia with an acute onset, characterized by the presence of lymphoblasts in the bone marrow and the peripheral blood. It includes the acute B lymphoblastic leukemia and acute T lymphoblastic leukemia.",,,FALSE,,Tumor Type,,ICD-O-3,,"Precursor Lymphoblasic Leukemia, Acute lymphatic leukemia, Precursor Lymphoblastic Leukemia, Acute Lymphoid Leukemia, Precursor Cell Lymphoblastic Leukemia, Acute Lymphoblastic Leukemia (ALL), Acute lymphoblastic leukemia (ALL), Acute lymphoblastic leukemia, precursor cell type, Lymphoblastic Leukemia, ALL, Acute Lymphogenous Leukemia, ALL - Acute Lymphocytic Leukemia, Acute lymphoid leukemia, Acute Lymphocytic Leukaemia, Acute Lymphocytic Leukemia, ALL_TYPE, Acute Lymphocytic Leukemias, Acute lymphocytic leukemia, acute lymphocytic leukemia",NCIT:C3167,http://purl.obolibrary.org/obo/NCIT_C3167,C3167,
Acute Monocytic Leukemia,"An acute myeloid leukemia in which the majority of monocytic cells are promonocytes.  (WHO, 2001)",,,FALSE,,Tumor Type,,ICD-O-3,,"Monocytic Leukemia, Acute Monocytic Leukemia (Fab M5B), Acute Monocytic Leukemia (FAB M5b)",NCIT:C4861,http://purl.obolibrary.org/obo/NCIT_C4861,C4861,
Acute Myeloid Leukemia,An aggressive (fast-growing) disease in which too many myeloblasts (immature white blood cells that are not lymphoblasts) are found in the bone marrow and blood.,,,FALSE,,Tumor Type,,ICD-O-3,,"Acute myelocytic leukemia, Acute Myeloid Leukemia Not Otherwise Specified, Acute myelogenous leukemia, Acute Myelogenous Leukemia, Acute Nonlymphocytic Leukemia, ANLL, Acute myeloblastic leukemia, AML - Acute Myeloid Leukemia, AML, Acute Myeloid Leukemia (AML), Acute granulocytic leukemia, Hematopoeitic - Acute Myleogenous Leukemia (AML), Acute Myelogenous Leukemias, Acute myeloid leukemia (AML), acute myeloblastic leukemia, acute nonlymphocytic leukemia, acute myelogenous leukemia, Acute Myeloblastic Leukemia, Acute Myelocytic Leukemia, Acute Granulocytic Leukemia",NCIT:C3171,http://purl.obolibrary.org/obo/NCIT_C3171,C3171,
Acute Promyelocytic Leukemia,"An acute myeloid leukemia characterized by the predominance of abnormal promyelocytes, most often driven by translocations involving the retinoic acid receptor-alpha (RARA) gene. Over 95% of cases show the reciprocal balanced translocation t(15;17)(q24.1;q21.2), which fuses the PML and RARA genes.",,,FALSE,,Tumor Type,,ICD-O-3,,Acute Promyelolitic Leukemia,NCIT:C208352,http://purl.obolibrary.org/obo/NCIT_C208352,C208352,
Adenocarcinoma,Cancer that begins in cells that line certain internal organs and that have gland-like (secretory) properties.,,,FALSE,,Tumor Type,,ICD-O-3,,ADENOCARCINOMA,NCIT:C2852,http://purl.obolibrary.org/obo/NCIT_C2852,C2852,
Angiosarcoma,A type of cancer that begins in the cells that line blood vessels.,,,FALSE,,Tumor Type,,ICD-O-3,,"hemangiosarcoma, Malignant Angioendothelioma, Hemangiosarcoma, Malignant Hemangioendothelioma, HEMANGIOSARCOMA, MALIGNANT",NCIT:C3088,http://purl.obolibrary.org/obo/NCIT_C3088,C3088,
Astrocytoma,"A tumor that begins in the brain or spinal cord in small, star-shaped cells called astrocytes.",,,FALSE,,Tumor Type,,ICD-O-3,,Anaplastic Astrocytoma,NCIT:C60781,http://purl.obolibrary.org/obo/NCIT_C60781,C60781,
Atypical Teratoid/Rhabdoid Tumor,"An aggressive malignant embryonal neoplasm arising from the central nervous system. It is composed of cells with a large eccentric nucleus, prominent nucleolus, and abundant cytoplasm. Mutations of the SMARCB1 gene or very rarely SMARCA4 (BRG1) gene are present. The vast majority of cases occur in childhood. Symptoms include lethargy, vomiting, cranial nerve palsy, headache, and hemiplegia.",,,FALSE,,Tumor Type,,,,"Rhabdoid Tumor of Central Nervous System, Malignant Rhabdoid Neoplasm of the Brain, Atypical Teratoid/Rhabdoid Tumor (WHO Grade 4), AT/RT, Primary Malignant Rhabdoid Tumor of the Brain, Malignant Rhabdoid Neoplasm of Brain, Malignant Rhabdoid Tumor of Brain, Central Nervous System Rhabdoid Neoplasm, Primary Malignant Brain Rhabdoid Neoplasm, Rhabdoid Tumor of the Central Nervous System, Malignant Rhabdoid Tumor of the Brain, Central Nervous System Rhabdoid Tumor, Rhabdoid Tumor of CNS, Rhabdoid Tumor of the CNS, CNS Rhabdoid Neoplasm, Malignant Brain Rhabdoid Tumor, Rhabdoid Neoplasm of the CNS, Primary Malignant Brain Rhabdoid Tumor, Atypical Teratoid/Rhabdoid Tumor (WHO Grade IV), CNS Rhabdoid Tumor, Rhabdoid Neoplasm of the Central Nervous System, Malignant Brain Rhabdoid Neoplasm, Primary Malignant Rhabdoid Tumor of Brain, Rhabdoid Neoplasm of CNS, Primary Malignant Rhabdoid Neoplasm of the Brain, Primary Malignant Rhabdoid Neoplasm of Brain, Rhabdoid Neoplasm of Central Nervous System, ATT/RHT",NCIT:C6906,http://purl.obolibrary.org/obo/NCIT_C6906,C6906,Added by Brynn 09-14-2022
B Acute Lymphoblastic Leukemia,"The most frequent type of acute lymphoblastic leukemia.  Approximately 75% of cases occur in children under six years of age.  This is a good prognosis leukemia.  In the pediatric age group the complete remission rate is approximately 95% and the disease free survival rate is 70%.  Approximately 80% of children appear to be cured.  In the adult age group the complete remission rate is 60-85%.  (WHO, 2001)",,,FALSE,,Tumor Type,,ICD-O-3,,"B-Cell Acute Lymphocytic Leukemia, Acute B Cell Lymphocytic Leukemia, B-Cell Precursor Type Acute Leukemia, B-Cell Acute Lymphoblastic Leukemia, B-Cell Lymphoblastic Leukemia, B-cell acute lymphoblastic leukemia, B-Cell ALL, B Cell Acute Lymphocytic Leukemia, B-cell acute lymphocytic leukemia, Acute B-Cell Lymphocytic Leukemia, B Cell Precursor Type Acute Leukemia, Precursor B-Lymphoblastic Leukemia, B-ALL, B-Acute Lymphoblastic Leukemia, B-Cell Type Acute Leukemia, Precursor B-lymphoblastic leukemia (B-precursor ALL), precursor B-lymphoblastic leukemia, B-precursor ALL",NCIT:C8644,http://purl.obolibrary.org/obo/NCIT_C8644,C8644,
B-Cell Non-Hodgkin Lymphoma,"The most common type of non-Hodgkin lymphoma.  It includes the most frequently seen morphologic variants which are: diffuse large B-cell lymphoma, follicular lymphoma, small lymphocytic lymphoma and marginal zone B-cell lymphoma.",,,FALSE,,Tumor Type,,,,"B-Cell Non Hodgkin's Lymphoma, Lymphomas Non-Hodgkin's B-Cell, Non-Hodgkin's B-Cell Lymphoma, B-Cell Non-Hodgkin's Lymphoma, B-cell lymphoma, Non-Hodgkin's Lymphoma B-Cell",NCIT:C3457,http://purl.obolibrary.org/obo/NCIT_C3457,C3457,
Barrett Esophagus,Esophageal lesion lined with columnar metaplastic epithelium which is flat or villiform. Barrett epithelium is characterized by two different types of cells: goblet cells and columnar cells. The symptomatology of Barrett esophagus is that of gastro-esophageal reflux. It is the precursor of most esophageal adenocarcinomas.  (WHO),,,FALSE,,Tumor Type,,,,"BE, CLE, Barrett's esophagus, CELLO, Columnar-Lined Esophagus, Columnar Epithelial-Lined Lower Esophagus, Barrett's Esophagus",NCIT:C2891,http://purl.obolibrary.org/obo/NCIT_C2891,C2891,
Basal Cell Neoplasm,"A neoplastic proliferation of basal cells in the epidermis (part of the skin) or other anatomic sites (most frequently the salivary glands).  The basal cell neoplastic proliferation in the epidermis results in basal cell carcinomas.  The basal cell neoplastic proliferation in the salivary glands can be benign, resulting in basal cell adenomas or malignant, resulting in basal cell adenocarcinomas.",,,FALSE,,Tumor Type,,ICD-O-3,,"Basal cell tumor, Basal Cell Tumor, Basal Cell Neoplasms",NCIT:C3784,http://purl.obolibrary.org/obo/NCIT_C3784,C3784,
Basal-Like Breast Carcinoma,"A biologic subset of breast carcinoma defined by high expression of genes characteristic of basal epithelial cells, including KRT5 and KRT17, annexin 8, CX3CL1, and TRIM29, and usually by lack of expression of the estrogen receptor (ER), progesterone receptor (PR), and human epidermal growth factor receptor 2 (HER2). It is the most common subtype of breast cancer associated with BRCA1 mutations, and is associated with a poor prognosis.",,,FALSE,,Tumor Type,,,,"Basal-Like Breast Cancer, Basal-Like Subtype of Breast Carcinoma",NCIT:C53558,http://purl.obolibrary.org/obo/NCIT_C53558,C53558,
Biliary Tract Carcinoma,"A carcinoma arising from the intrahepatic bile ducts, hepatic ducts, common bile duct, cystic duct, or gallbladder.",,,FALSE,,Tumor Type,,NCIt,,,NCIT:C156781,http://purl.obolibrary.org/obo/NCIT_C156781,C156781,Added by Brynn 03-13-2022
Bladder Carcinoma,"Cancer that forms in tissues of the bladder (the organ that stores urine). Most bladder cancers are transitional cell carcinomas (cancer that begins in cells that normally make up the inner lining of the bladder). Other types include squamous cell carcinoma (cancer that begins in thin, flat cells) and adenocarcinoma (cancer that begins in cells that make and release mucus and other fluids). The cells that form squamous cell carcinoma and adenocarcinoma develop in the inner lining of the bladder as a result of chronic irritation and inflammation.",,,FALSE,,Tumor Type,,,,"Cancer of Bladder, Cancer of the Bladder, Carcinoma of Urinary Bladder, Carcinoma in situ of Bladder, Carcinoma of Bladder, Cancer of Urinary Bladder, Bladder Cancer, Urinary Bladder Cancer, Urinary Bladder Carcinoma, Carcinoma of the Bladder, bladder cancer, Carcinoma In Situ of Bladder, Carcinoma of the Urinary Bladder, Cancer of the Urinary Bladder",NCIT:C4912,http://purl.obolibrary.org/obo/NCIT_C4912,C4912,
Bladder Neoplasm,"A benign or malignant, primary or metastatic neoplasm of the bladder.",,,FALSE,,Tumor Type,,,,"Bladder Tumors, Urinary Bladder Neoplasm, Urinary Bladder Tumors, Tumor of Urinary Bladder, Neoplasm of the Bladder, Tumor of Bladder, Neoplasm of Bladder, Tumor of the Urinary Bladder, Tumor of the Bladder, Urinary Bladder Tumor, Neoplasm of the Urinary Bladder, Neoplasm of Urinary Bladder, Urinary Bladder Neoplasms, Bladder Tumor",NCIT:C2901,http://purl.obolibrary.org/obo/NCIT_C2901,C2901,
Bone Neoplasm,"A benign, intermediate, or malignant neoplasm involving the bone or articular cartilage.",,,FALSE,,Tumor Type,,,,"Osseous Neoplasm, Bone Tumor, Osseous Tumor, Bone Neoplasms, Bone Tumors, Tumor of the Bone, Neoplasm of the Bone, Tumor of Bone, Neoplasm of Bone",NCIT:C9343,http://purl.obolibrary.org/obo/NCIT_C9343,C9343,
Brain Neoplasm,The growth of abnormal cells in the tissues of the brain. Brain tumors can be benign (not cancer) or malignant (cancer).,,,FALSE,,Tumor Type,,,,"Neoplasm of Brain, Tumor of Brain, Brain Neoplasms, Tumor of the Brain, brain tumor, Neoplasm of the Brain, Brain Tumor",NCIT:C2907,http://purl.obolibrary.org/obo/NCIT_C2907,C2907,
Breast Adenocarcinoma,"The most common histologic type of breast carcinoma.  Representative examples include invasive ductal carcinoma not otherwise specified, ductal carcinoma in situ, inflammatory carcinoma, secretory carcinoma, signet ring cell carcinoma, tubular carcinoma, invasive lobular carcinoma, and lobular carcinoma in situ.",,,FALSE,,Tumor Type,,,,"Mammary adenocarcinoma, Adenocarcinoma of the Breast, Adenocarcinoma of Breast",NCIT:C5214,http://purl.obolibrary.org/obo/NCIT_C5214,C5214,
Breast Carcinoma,"Cancer that forms in tissues of the breast, usually the ducts (tubes that carry milk to the nipple) and lobules (glands that make milk). It occurs in both men and women, although male breast cancer is rare.",,,FALSE,,Tumor Type,,,,"Carcinoma in situ of Breast, Carcinoma of Breast, Carcinoma in situ of breast, Carcinoma of the Breast, Mammary Carcinoma, Cancer of the Breast, Carcinoma In Situ of Breast, Breast Invasive Carcinoma, Cancer of Breast, breast cancer, Breast Cancer",NCIT:C4872,http://purl.obolibrary.org/obo/NCIT_C4872,C4872,
Breast Neoplasm,"A benign or malignant neoplasm of the breast parenchyma. It can originate from the ducts, lobules or the breast adipose tissue. Breast neoplasms are much more common in females than males.",,,FALSE,,Tumor Type,,,,"Breast Tumor, Tumor of Breast, Neoplasm of Breast, Neoplasm of the Breast, Tumor of the Breast",NCIT:C2910,http://purl.obolibrary.org/obo/NCIT_C2910,C2910,
Carcinoma,Cancer that begins in the skin or in tissues that line or cover internal organs.,,,FALSE,,Tumor Type,,ICD-O-3,,"Other Carcinoma, Malignant Epithelioma, Malignant Epithelial Neoplasm, epithelial carcinoma, Malignant Epithelial Tumor, Epithelial Carcinoma, Epithelioma Malignant",NCIT:C2916,http://purl.obolibrary.org/obo/NCIT_C2916,C2916,
Carcinoma In Situ,A malignant epithelial neoplasm which is confined to the epithelial layer without evidence of further tissue invasion.,,,FALSE,,Tumor Type,,,,,NCIT:C2917,http://purl.obolibrary.org/obo/NCIT_C2917,C2917,
Castration-Resistant Prostate Carcinoma,Prostate carcinoma that grows and continues to spread despite the surgical removal of the testes or medical intervention to block androgen production.,,,FALSE,,Tumor Type,,,,"Castration-Resistant Prostate Cancer, CRPC, Metastatic Castration-Resistant Prostate Carcinoma",NCIT:C130234,http://purl.obolibrary.org/obo/NCIT_C130234,C130234,Added by Brynn 09/22/2022
Cellular Schwannoma,"A morphologic variant of schwannoma characterized by hypercellularity, Antoni A pattern, and the absence of well-formed Verocay bodies.",,,FALSE,,Tumor Type,,,,"Cellular Neurilemmoma, Cellular Neurinoma",NCIT:C4724,http://purl.obolibrary.org/obo/NCIT_C4724,C4724,
Central Nervous System Cavernous Hemangioma,A cavernous hemangioma arising from the central nervous system.,,,FALSE,,Tumor Type,,,,,NCIT:C84621,http://purl.obolibrary.org/obo/NCIT_C84621,C84621,
Central Nervous System Neoplasm,"A tumor of the central nervous system, including brain stem glioma, craniopharyngioma, medulloblastoma, and meningioma.",,,FALSE,,Tumor Type,,,,"CNS Tumor, Brain/Spinal Cord Tumor, Tumor of the Central Nervous System, Tumor of the CNS, Tumor of Central Nervous System, CNS Neoplasm, Neoplasm of Central Nervous System, Neoplasm of CNS, Neoplasm of the Central Nervous System, Tumor of CNS, central nervous system tumor, Central Nervous System Tumor, CNS tumor",NCIT:C9293,http://purl.obolibrary.org/obo/NCIT_C9293,C9293,
Cerebellar Neoplasm,A benign or malignant (primary or metastatic) tumor involving the cerebellum.,,,FALSE,,Tumor Type,,,,"Tumor of Cerebellum, Cerebellar Tumor, Neoplasm of Cerebellum, Tumor of the Cerebellum, Neoplasm of the Cerebellum",NCIT:C2935,http://purl.obolibrary.org/obo/NCIT_C2935,C2935,
Cervical Carcinoma,Cancer that forms in tissues of the cervix (the organ connecting the uterus and vagina). It is usually a slow-growing cancer that may not have symptoms but can be found with regular Pap tests (a procedure in which cells are scraped from the cervix and looked at under a microscope). Cervical cancer is almost always caused by human papillomavirus (HPV) infection.,,,FALSE,,Tumor Type,,,,"cervical cancer, Cervical Cancer, Carcinoma of the Cervix, Cervix Uteri Carcinoma, Cervical Cancer (all types), Cervix Carcinoma, Cancer of the Uterine Cervix, Uterine Cervix Cancer, Carcinoma of Uterine Cervix, Uterine Cervix Carcinoma, Cancer of the Cervix, Carcinoma of Cervix, Cancer of Uterine Cervix, Carcinoma of Cervix Uteri, Carcinoma of the Cervix Uteri, Carcinoma of the Uterine Cervix, Carcinoma In Situ of Cervix Uteri, Cervix Cancer, Carcinoma in situ of Cervix Uteri, Cancer of Cervix",NCIT:C9039,http://purl.obolibrary.org/obo/NCIT_C9039,C9039,
Cervical Neoplasm,"A benign, malignant, or precancerous neoplasm that affects the cervix.",,,FALSE,,Tumor Type,,,,"Neoplasm of the Cervix Uteri, Uterine Cervix Tumor, Tumor of the Cervix, Tumor of the Uterine Cervix, Tumor of Cervix Uteri, Cervix Tumor, Neoplasm of the Uterine Cervix, Cervix Neoplasm, Neoplasm of Cervix, Neoplasm of Cervix Uteri, Cervix Uteri Tumor, Neoplasm of the Cervix, Cervix Uteri Neoplasm, Uterine Cervix Neoplasm, Tumor of the Cervix Uteri, Neoplasm of Uterine Cervix, Uterine Cervical Neoplasm, Tumor of Uterine Cervix, Tumor of Cervix, Cervical Tumor",NCIT:C2940,http://purl.obolibrary.org/obo/NCIT_C2940,C2940,
Cervical Small Cell Carcinoma,A small cell neuroendocrine carcinoma arising from the cervix.,,,FALSE,,Tumor Type,,,,"Small Cell Carcinoma of the Cervix Uteri, Small Cell Carcinoma of the Uterine Cervix, Cervical Small Cell Neuroendocrine Carcinoma, Small Cell Carcinoma of Uterine Cervix, Uterine Cervix Small Cell Carcinoma, Small Cell Carcinoma of Cervix Uteri, Cervix Small Cell Carcinoma, Small Cell Carcinoma of Cervix, Cervical Small Cell Cancer, Small Cell Carcinoma of the Cervix, Cervix Uteri Small Cell Carcinoma",NCIT:C7982,http://purl.obolibrary.org/obo/NCIT_C7982,C7982,
Cholangiocarcinoma,A rare type of cancer that develops in cells that line the bile ducts in the liver. Cancer that forms where the right and left ducts meet is called Klatskin tumor.,,,FALSE,,Tumor Type,,ICD-O-3,,"Cholangiocar.- intra/extrahepatic, Cholangiocarcinoma, intrahepatic and extrahepatic bile ducts (adenocarcinoma), Cholangiocellular Carcinoma, Intrahepatic Bile Duct Cancer (Cholangiocarcinoma), cholangiosarcoma, CC",NCIT:C4436,http://purl.obolibrary.org/obo/NCIT_C4436,C4436,
Chondroblastoma,"A benign, chondroid-producing, well-circumscribed, lytic neoplasm usually arising from the epiphysis of long bones.  It is characterized by the presence of chondroblasts, osteoclast-like giant cells, chondroid formation, calcification, and mitotic activity. In aggressive cases, there is rearrangement of the 8q21 chromosome band.  It occurs most frequently in children and young adults and rarely metastasizes.",,,FALSE,,Tumor Type,,ICD-O,,,NCIT:C2945,http://purl.obolibrary.org/obo/NCIT_C2945,C2945,"Used ICD-O for term identifier, but definition taken from NCIt."
Choriocarcinoma,An aggressive malignant tumor arising from trophoblastic cells. The vast majority of cases arise in the uterus and represent gestational choriocarcinomas that derive from placental trophoblastic cells. Approximately half of the cases develop from a complete hydatidiform mole. A minority of cases arise in the testis or the ovaries. There is often marked elevation of human chorionic gonadotropin (hCG) in the blood. Choriocarcinomas disseminate rapidly through the hematogenous route; the lungs are most frequently affected.,,,FALSE,,Tumor Type,,ICD-O-3,,"chorioblastoma, Chorioepithelioma, chorioepithelioma, chorionic carcinoma",NCIT:C2948,http://purl.obolibrary.org/obo/NCIT_C2948,C2948,"From ICD-O-3, definition from NCIt"
Chronic Lymphocytic Leukemia,"The most common type of chronic lymphoid leukemia.  It comprises 90% of chronic lymphoid leukemias in the United States.  Morphologically, the neoplastic cells are small, round B-lymphocytes.  This type of leukemia is not considered to be curable with available therapy. (WHO, 2001)",,,FALSE,,Tumor Type,,ICD-O-3,,"B-Cell Chronic Lymphocytic Leukemia, B-Cell Chronic Lymphoid Leukemia, Chronic lymphatic leukemia, B Cell Chronic Lymphocytic Leukemia, CLL, B Cell Lymphocytic Leukemia, Chronic Lymphocytic Leukemia (CLL), B Cell CLL, Chronic B-Cell Lymphocytic Leukemia, B-Cell CLL, B-Cell Lymphocytic Leukemia, BCLL, Hematopoeitic - Chronic Lymphocytic Leukemia (CLL)",NCIT:C3163,http://purl.obolibrary.org/obo/NCIT_C3163,C3163,
Chronic Myeloid Leukemia,"A chronic myeloproliferative neoplasm characterized by the expression of the BCR-ABL1 fusion gene. It presents with neutrophilic leukocytosis. It can appear at any age, but it mostly affects middle aged and older individuals. Patients usually present with fatigue, weight loss, anemia, night sweats, and splenomegaly.",,,FALSE,,Tumor Type,,ICD-O-3,,,NCIT:C3174,http://purl.obolibrary.org/obo/NCIT_C3174,C3174,
Clear Cell Renal Cell Carcinoma,The most common type of kidney cancer. It begins in the lining of the renal tubules in the kidney. The renal tubules filter the blood and produce urine.,,,FALSE,,Tumor Type,,,,"Clear Cell Adenocarcinoma of Kidney, hypernephroma, RCC, clear cell adenocarcinoma, CCRCC, Clear Cell Adenocarcinoma, Kidney, Clear Cell Carcinoma of Kidney, Conventional (Clear Cell) Renal Cell Carcinoma, Conventional Renal Cell Carcinoma, Renal cell carcinoma, clear cell adenocarcinoma, Conventional (Clear Cell) Renal Cell Adenocarcinoma, Hypernephroid tumor, Grawitz Tumor, Clear Cell Adenocarcinoma of the Kidney, Renal Clear Cell Carcinoma, Grawitz tumor, Clear Cell Renal Cell Cancer, Kidney Clear Cell Adenocarcinoma, Clear Cell Carcinoma of the Kidney, Renal Clear Cell Adenocarcinoma, Hypernephroma, Kidney Clear Cell Carcinoma",NCIT:C4033,http://purl.obolibrary.org/obo/NCIT_C4033,C4033,Added by Brynn 11/15/2022
Colon Adenocarcinoma,"An adenocarcinoma arising from the colon.  It is more frequently seen in populations with a Western type diet and in patients with a history of chronic inflammatory bowel disease.  Signs and symptoms include intestinal bleeding, anemia, and change in bowel habits.  According to the degree of cellular differentiation, colonic adenocarcinomas are divided into well, moderately, and poorly differentiated.  Histologic variants include mucinous adenocarcinoma, signet ring cell carcinoma, medullary carcinoma, serrated adenocarcinoma, cribriform comedo-type adenocarcinoma, and micropapillary adenocarcinoma.",,,FALSE,,Tumor Type,,,,"Adenocarcinoma of the Colon, Adenocarcinoma of the colon, Adenocarcinoma - colon, Adenocarcinoma of Colon, Colonic Adenocarcinoma",NCIT:C4349,http://purl.obolibrary.org/obo/NCIT_C4349,C4349,
Colon Carcinoma,Cancer that forms in the tissues of the colon (the longest part of the large intestine). Most colon cancers are adenocarcinomas (cancers that begin in cells that make and release mucus and other fluids).,,,FALSE,,Tumor Type,,,,"Colonic Carcinoma, Carcinoma In Situ of Colon, Carcinoma in situ of Colon, Carcinoma of the Colon, colon cancer, Carcinoma of Colon, Colon Cancer",NCIT:C4910,http://purl.obolibrary.org/obo/NCIT_C4910,C4910,
Colorectal Adenocarcinoma,"The most common type of colorectal carcinoma.  It is characterized by the presence of malignant glandular epithelial cells invading through the muscularis mucosa into the submucosa.  Histologic variants include mucinous adenocarcinoma, signet ring cell carcinoma, medullary carcinoma, serrated adenocarcinoma, cribriform comedo-type adenocarcinoma, and micropapillary adenocarcinoma.",,,FALSE,,Tumor Type,,,,"Large Intestine Adenocarcinoma, Large Bowel Adenocarcinoma, Adenocarcinoma of Large Intestine, Adenocarcinoma of the Large Bowel, Adenocarcinoma of the Large Intestine, Colorectal (Colon or Rectal) Adenocarcinoma, Adenocarcinoma of Large Bowel",NCIT:C5105,http://purl.obolibrary.org/obo/NCIT_C5105,C5105,
Colorectal Adenoma,"An adenoma that arises from the colon or rectum.  The group of colorectal adenomas includes tubular, villous, and tubulovillous adenomas, traditional serrated adenomas, sessile serrated adenomas/polyps, and familial adenomatous polyposis.",,,FALSE,,Tumor Type,,,,"Adenoma of Large Bowel, Large Bowel Adenoma, Adenoma of Large Intestine, Large Intestine Adenoma, Adenoma of the Large Intestine, Adenoma of the Large Bowel",NCIT:C5673,http://purl.obolibrary.org/obo/NCIT_C5673,C5673,
Colorectal Carcinoma,Cancer that develops in the colon (the longest part of the large intestine) and/or the rectum (the last several inches of the large intestine before the anus).,,,FALSE,,Tumor Type,,,,"Cancer of Large Intestine, Colorectal Cancer, Carcinoma of Large Intestine, Cancer of Large Bowel, colorectal cancer, Colorectal (Colon or Rectal) Cancer, CRC, Large Bowel Cancer, Large Intestine Cancer, Carcinoma of the Large Bowel, Large Intestine Carcinoma, Large Bowel Carcinoma, Cancer of the Large Bowel, Cancer of the Large Intestine, Carcinoma of Large Bowel, Carcinoma of the Large Intestine",NCIT:C2955,http://purl.obolibrary.org/obo/NCIT_C2955,C2955,
Colorectal Neoplasm,"A benign or malignant neoplasm that affects the colon or rectum.  Representative examples of benign neoplasms include lipoma and leiomyoma.  Representative examples of malignant neoplasms include carcinoma, lymphoma, and sarcoma.  Colorectal adenomas always exhibit epithelial dysplasia and are considered premalignant neoplasms.",,,FALSE,,Tumor Type,,,,"Large Bowel Tumor, Tumor of Large Bowel, Large Intestinal Neoplasm, Neoplasm of Large Bowel, Colorectal Tumor, Large Intestine Tumor, Large Bowel Neoplasm, Neoplasm of the Large Bowel, Tumor of the Large Bowel, Large Intestine Neoplasm",NCIT:C2956,http://purl.obolibrary.org/obo/NCIT_C2956,C2956,
Combined Hepatocellular Carcinoma and Cholangiocarcinoma,A rare tumor containing unequivocal elements of both hepatocellular and cholangiocarcinoma that are intimately admixed.  This tumor should be distinguished from separate hepatocellular carcinoma and cholangiocarcinoma arising in the same liver.  The prognosis of this tumor is poor.,,,FALSE,,Tumor Type,,ICDO3,,"Carcinoma of the Liver and Intrahepatic Biliary Tract, Hepatocholangiocarcinoma, Carcinoma of Liver and Intrahepatic Biliary Tract, Combined Hepatocellular Cancer and Intrahepatic Bile Duct Cancer (Cholangiocarcinoma), Liver and Intrahepatic Biliary Tract Carcinoma, Mixed Hepatocellular Cholangiocarcinoma, cHCC-CCA, Cholangiohepatoma",NCIT:C3828,http://purl.obolibrary.org/obo/NCIT_C3828,C3828,
Craniopharyngioma,"A histologically benign, but locally destructive, partly cystic, epithelial tumor of the sellar region, derived from Rathke pouch epithelium.",,,FALSE,,Tumor Type,,ICD-O-3,,"Rathke Pouch Neoplasm, Rathke's Pouch Tumor, Cystoma, Craniopharyngioma (WHO Grade 1), Rathke's Pouch Neoplasm, Craniopharyngioma (WHO Grade I), Tumor of Rathke's Pouch, Rathke pouch tumor, CRANIOPHARYNGIOMA, BENIGN, Rathke Pouch Tumor, Neoplasm of Rathke's Pouch",NCIT:C2964,http://purl.obolibrary.org/obo/NCIT_C2964,C2964,
Cutaneous T Cell Lymphoma,"Any of a group of T-cell non-Hodgkin lymphomas that begins in the skin as an itchy, red rash that can thicken or form a tumor. The most common types are mycosis fungoides and Sezary syndrome.",,,FALSE,,Tumor Type,,ICD-O-3,,"CTCL, Cutaneous T-Cell Non-Hodgkin Lymphoma, T-Cell Non-Hodgkin's Lymphoma of Skin, T-Cell Non-Hodgkin's Lymphoma of the Skin, Skin T-Cell Non-Hodgkin's Lymphoma, PCTCL, Cutaneous T-Cell Non-Hodgkin's Lymphoma, cutaneous T-cell lymphoma, Primary Cutaneous T-Cell Non-Hodgkin's Lymphoma, Primary Cutaneous T-Cell Non-Hodgkin Lymphoma",NCIT:C3467,http://purl.obolibrary.org/obo/NCIT_C3467,C3467,
Diffuse Large B-Cell Lymphoma,"A type of B-cell non-Hodgkin lymphoma (cancer of the immune system) that is usually aggressive (fast-growing). It is the most common type of non-Hodgkin lymphoma, and is marked by rapidly growing tumors in the lymph nodes, spleen, liver, bone marrow, or other organs. Other symptoms include fever, night sweats, and weight loss. There are several subtypes of diffuse large B-cell lymphoma.",,,FALSE,,Tumor Type,,ICD-O-3,,"Diffuse Large B-Cell Lymphoma (DLBCL), DLBCL",NCIT:C8851,http://purl.obolibrary.org/obo/NCIT_C8851,C8851,
Ductal Breast Carcinoma In Situ,"A noninvasive condition in which abnormal cells are found in the lining of a breast duct. The abnormal cells have not spread outside the duct to other tissues in the breast. In some cases, ductal carcinoma in situ may become invasive cancer and spread to other tissues, although it is not known at this time how to predict which lesions will become invasive.",,,FALSE,,Tumor Type,,,,"Non-Invasive Intraductal Breast Adenocarcinoma, Non-Infiltrating Ductal Carcinoma of the Breast, Ductal Carcinoma In Situ, Non-Infiltrating Intraductal Adenocarcinoma of Breast, Non-Invasive Ductal Breast Carcinoma, Non-Invasive Ductal Adenocarcinoma of Breast, Intraductal Breast Carcinoma, Intraductal Carcinoma in situ of Breast, Non-Infiltrating Ductal Breast Carcinoma, Intraductal carcinoma in situ of Breast, Non-Invasive Intraductal Adenocarcinoma of the Breast, Non-Infiltrating Intraductal Adenocarcinoma of the Breast, Intraductal Carcinoma of Breast, Intraductal Carcinoma, Breast Ductal Carcinoma In Situ, Ductal carcinoma in situ, intraductal carcinoma, Non-Infiltrating Ductal Adenocarcinoma of Breast, Non-Infiltrating Ductal Carcinoma of Breast, Non-Invasive Ductal Adenocarcinoma of the Breast, Non-Invasive Ductal Carcinoma of Breast, Non-Invasive Intraductal Adenocarcinoma of Breast, Non-Infiltrating Intraductal Breast Adenocarcinoma, Ductal Carcinoma In Situ of the Breast, Ductal Carcinoma In Situ (DCIS), Ductal Carcinoma in situ, Non-Infiltrating Intraductal Adenocarcinoma, Non-Infiltrating Intraductal Carcinoma",NCIT:C2924,http://purl.obolibrary.org/obo/NCIT_C2924,C2924,
Dysembryoplastic Neuroepithelial Neoplasm,"A neoplasm of the nervous system that arises from the neuroepithelial tissues.  Representative examples include astrocytic tumors, oligodendroglial tumors, ependymal tumors, and primitive neuroectodermal tumors.",,,FALSE,,Tumor Type,,,,"DNT, Dysembryoplastic Neuroepithelial Tumor, DNET, Dysembryoplastic neuroepithelial tumor",NCIT:C9505,http://purl.obolibrary.org/obo/NCIT_C9505,C9505,
Endometrial Carcinoma,"Cancer that forms in the tissue lining the uterus (the small, hollow, pear-shaped organ in a woman's pelvis in which a fetus develops). Most endometrial cancers are adenocarcinomas (cancers that begin in cells that make and release mucus and other fluids).",,,FALSE,,Tumor Type,,,,"UCEC, Carcinoma of the Endometrium, endometrial cancer, Endometrial Cancer, Carcinoma of Endometrium, Uterine Corpus Endomential Carcinoma",NCIT:C7558,http://purl.obolibrary.org/obo/NCIT_C7558,C7558,
Endometrial Neoplasm,"A benign, borderline, or malignant neoplasm that affects the endometrium.",,,FALSE,,Tumor Type,,,,"Tumor of the Endometrium, Endometrium Neoplasm, Neoplasm of Endometrium, Endometrial Tumor, Endometrium Tumor, Tumor of Endometrium, Neoplasm of the Endometrium",NCIT:C3012,http://purl.obolibrary.org/obo/NCIT_C3012,C3012,
Ependymoma,A type of brain tumor that begins in cells lining the spinal cord central canal (fluid-filled space down the center) or the ventricles (fluid-filled spaces of the brain). Ependymomas may also form in the choroid plexus (tissue in the ventricles that makes cerebrospinal fluid).,,,FALSE,,Tumor Type,,,,"WHO Grade 2 Ependymal Neoplasm, WHO Grade II Ependymal Tumor, CNS, ependymoma, WHO Grade 2 Ependymal Tumor, WHO Grade II Ependymal Neoplasm",NCIT:C3017,http://purl.obolibrary.org/obo/NCIT_C3017,C3017,
Esophageal Adenocarcinoma,"A malignant tumor with glandular differentiation arising predominantly from Barrett mucosa in the lower third of the esophagus.  Rare examples of esophageal adenocarcinoma deriving from ectopic gastric mucosa in the upper esophagus have also been reported.  Grossly, esophageal adenocarcinomas are similar to esophageal squamous cell carcinomas.  Microscopically, adenocarcinomas arising in the setting of Barrett esophagus are typically papillary and/or tubular.  The prognosis is poor.",,,FALSE,,Tumor Type,,,,"Adenocarcinoma of Esophagus, Esophagus Adenocarcinoma, Adenocarcinoma, Adenocarcinoma of the Esophagus, Adenocarcinoma - esophagus, Adenocarcinoma of the esophagus",NCIT:C4025,http://purl.obolibrary.org/obo/NCIT_C4025,C4025,Added by Brynn 05-09-2022
Esophageal Carcinoma,Cancer that forms in tissues lining the esophagus (the muscular tube through which food passes from the throat to the stomach). Two types of esophageal cancer are squamous cell carcinoma (cancer that begins in flat cells lining the esophagus) and adenocarcinoma (cancer that begins in cells that make and release mucus and other fluids).,,,FALSE,,Tumor Type,,,,"ESCA, Cancer of the Esophagus, Esophagus Carcinoma, Carcinoma of Esophagus, Carcinoma of the Esophagus, Esophageal Cancer, esophageal cancer, Cancer of Esophagus",NCIT:C3513,http://purl.obolibrary.org/obo/NCIT_C3513,C3513,
Esophageal Squamous Cell Carcinoma,"A squamous cell carcinoma arising from the esophagus.  It is associated with a long history of tobacco and alcohol abuse and is exceedingly rare before the age of 30.  The median age is around 65 in both males and females.  It is located mostly in the middle and lower third of the esophagus.  Grossly, polypoid, ulcerated, plaque-like and occult lesions have been described.  The microscopic features are the same as in other squamous cell carcinomas.  Any degree of differentiation may occur, and variation within a single tumor is common.  The prognosis is poor.",,,FALSE,,Tumor Type,,,,"SCC of the Esophagus, Squamous Cell Carcinoma of Esophagus, Squamous cell carcinoma of the esophagus, Esophageal Epidermoid Carcinoma, Esophagus Squamous Cell Carcinoma, SCC of Esophagus, Esophageal Squamous Cell Cancer, Esophagus SCC, ESCC, Esophageal SCC, Squamous Cell Carcinoma of the Esophagus, Squamous cell car. - esophagus",NCIT:C4024,http://purl.obolibrary.org/obo/NCIT_C4024,C4024,
Ewing Sarcoma,A type of cancer that forms in bone or soft tissue.,,,FALSE,,Tumor Type,,ICD-O-3,,"ES, Ewing tumor, Ewing's Tumor, Ewing's Sarcoma",NCIT:C4817,http://purl.obolibrary.org/obo/NCIT_C4817,C4817,
Extraventricular Neurocytoma,"A WHO grade 2 neoplasm that arises from the brain parenchyma. Morphologically it is characterized by the presence of neoplastic uniform, round cells with neuronal differentiation. Unlike central neurocytoma, it does not involve the lateral ventricles. It usually affects young adults and has a favorable prognosis.",,,FALSE,,Tumor Type,,,,"Extraventricular Neurocytoma (WHO Grade II), Extraventricular Neurocytoma (WHO Grade 2)",NCIT:C92555,http://purl.obolibrary.org/obo/NCIT_C92555,C92555,
Fibroepithelial Polyp,"A polypoid lesion composed of fibrous tissue and epithelium. Representative examples include skin tag, anal fibroepithelial polyp, and gingival fibroepithelial polyp.",,,FALSE,,Tumor Type,,,,BENIGN FIBROPAPILLOMA,NCIT:C3337,http://purl.obolibrary.org/obo/NCIT_C3337,C3337,
Fibrolamellar Carcinoma,"A distinctive type of liver cell carcinoma that arises in non-cirrhotic livers and is seen predominantly in young patients.  The tumor cells are polygonal and deeply eosinophilic, and are embedded in a fibrous stroma.  The prognosis is similar to classical hepatocellular carcinoma that arises in non-cirrhotic livers, and better than hepatocellular carcinoma that arises in cirrhotic livers.",,,FALSE,,Tumor Type,,ICDO3,,"Fibrolamellar Carcinoma of Liver Cells, Polygonal Cell Type Hepatocellular Carcinoma with Fibrous Stroma, Fibrolamellar Hepatocellular Carcinoma, Hepatocellular carcinoma, fibrolamellar, FLC, Oncocytic Hepatocellular Tumor, Liver Cell Fibrolamellar Carcinoma, Fibrolamellar Carcinoma of the Liver Cells, Hepatocellular Fibrolamellar Carcinoma, Fibrolamellar Cancer",NCIT:C4131,http://purl.obolibrary.org/obo/NCIT_C4131,C4131,Rancho Added 1/7/2022
Fibrosarcoma,A malignant mesenchymal neoplasm of the soft tissue and bone.,,,FALSE,,Tumor Type,,ICD-O-3,,"Malignant Fibromatous Neoplasm, FIBROSARCOMA, MALIGNANT",NCIT:C3043,http://purl.obolibrary.org/obo/NCIT_C3043,C3043,
Follicular Lymphoma,A type of B-cell non-Hodgkin lymphoma (cancer of the immune system) that is usually indolent (slow-growing). The tumor cells grow as groups to form nodules. There are several subtypes of follicular lymphoma.,,,FALSE,,Tumor Type,,ICD-O-3,,"Follicular Non-Hodgkin's Lymphoma, Follicular Centre Cell Lymphoma, Follicle Center Lymphoma, Follicular Non-Hodgkin Lymphoma, Lymphoma, Follicular Centre Cell, LYMPHOMA, FOLLICULAR, MALIGNANT",NCIT:C3209,http://purl.obolibrary.org/obo/NCIT_C3209,C3209,"Term mapped from ICD-O-3, but description from NCIt."
Gallbladder Carcinoma,Cancer that forms in tissues of the gallbladder. The gallbladder is a pear-shaped organ below the liver that collects and stores bile (a fluid made by the liver to digest fat). Gallbladder cancer begins in the innermost layer of tissue and spreads through the outer layers as it grows.,,,FALSE,,Tumor Type,,,,"Carcinoma of Gallbladder, Gallbladder Cancer, Carcinoma of the Gallbladder, Gall bladder carcinoma (adeno), Cancer of Gallbladder, Gall bladder carcinoma (adenocarcinoma), gallbladder cancer, Cancer of the Gallbladder",NCIT:C3844,http://purl.obolibrary.org/obo/NCIT_C3844,C3844,
Gastric Adenocarcinoma,"An adenocarcinoma arising from the stomach glandular epithelium. Gastric adenocarcinoma is primarily a disease of older individuals.  It most commonly develops after a long period of atrophic gastritis and is strongly associated with Helicobacter pylori infection. The lack of early symptoms often delays the diagnosis of gastric cancer. The majority of patients present with advanced tumors which have poor rates of curability. Microscopically, two important histologic types of gastric adenocarcinoma are recognized: the intestinal and diffuse type. The overall prognosis of gastric adenocarcinomas is poor, even in patients who receive a ""curative"" resection (adapted from Sternberg's Surgical Pathology, 3rd ed., 1999).",,,FALSE,,Tumor Type,,,,"Adenocarcinoma - stomach, Adenocarcinoma of the stomach, STAD, Adenocarcinoma of Stomach, Adenocarcinoma, Adenocarcinoma of the Stomach, Stomach Adenocarcinoma, Gastric (Stomach) Adenocarcinoma",NCIT:C4004,http://purl.obolibrary.org/obo/NCIT_C4004,C4004,
Gastric Carcinoma,Cancer that forms in tissues lining the stomach.,,,FALSE,,Tumor Type,,,,"Cancer of Stomach, Carcinoma of Stomach, Gastric (Stomach) Cancer, stomach cancer, Carcinoma of the Stomach, Cancer of the Stomach, Gastric Cancer, Stomach Carcinoma, gastric cancer, Stomach Cancer",NCIT:C4911,http://purl.obolibrary.org/obo/NCIT_C4911,C4911,
Gastric Neoplasm,A benign or malignant neoplasm involving the stomach.,,,FALSE,,Tumor Type,,,,"Tumor of the Stomach, Gastric Tumor, Neoplasm of Stomach, Stomach Tumor, Neoplasm of the Stomach, Stomach Neoplasm, Tumor of Stomach",NCIT:C3387,http://purl.obolibrary.org/obo/NCIT_C3387,C3387,
Gastroesophageal Adenocarcinoma,"A malignant epithelial neoplasm composed of glandular (adenocarcinoma) cells arising at or near the junction of the esophagus and stomach. It encompasses tumors previously classified as distal esophageal, gastroesophageal junction, or gastric cardia adenocarcinomas.",,,FALSE,,Tumor Type,,,,,DOID:0080375,http://purl.obolibrary.org/obo/DOID_0080375,,
Gastroesophageal Junction Adenocarcinoma,"An adenocarcinoma that arises from and straddles the junction of the stomach and esophagus.  The category of adenocarcinomas of the gastroesophageal junction also includes the majority of adenocarcinomas previously called gastric cardia adenocarcinomas.  Squamous cell carcinomas that affect or cross the junction of the stomach and esophagus are classified as carcinomas of the distal esophagus.  Adenocarcinoma of the gastroesophageal junction occurs more often in Caucasian middle aged and elderly males.  Clinical signs and symptoms include dysphagia, abdominal pain, and weight loss.  The prognosis depends on the completeness of the surgical resection, the number of lymph nodes involved by cancer, and the presence or absence of postoperative complications.  The presence of TP53 mutations indicates worse prognosis.",,,FALSE,,Tumor Type,,,,"Adenocarcinoma of Cardioesophageal Junction, Adenocarcinoma of the EG Junction, Adenocarcinoma of the Esophagogastric Junction, Adenocarcinoma of Gastroesophageal Junction, Adenocarcinoma of the Gastroesophageal Junction, Adenocarcinoma of the Cardioesophageal Junction, Adenocarcinoma of the GE Junction, Adenocarcinoma - GEJ, Adenocarcinoma of the gastroesophageal junction",NCIT:C9296,http://purl.obolibrary.org/obo/NCIT_C9296,C9296,
Gastrointestinal Stromal Neoplasm,A type of tumor that usually begins in cells in the wall of the gastrointestinal tract. It can be benign or malignant.,,,FALSE,,Tumor Type,,,,"GISTs, gastrointestinal stromal tumor, Gastrointestinal stromal tumor, Gastrointestinal Stromal Tumor (GIST), GIST, Gastrointestinal Stromal Tumor",NCIT:C3868,http://purl.obolibrary.org/obo/NCIT_C3868,C3868,
Giant Cell Tumor,"A benign, intermediate, or malignant tumor that arises from the bone or soft tissue. It is characterized by the presence of multinucleated osteoclast-like giant cells.",,,FALSE,,Tumor Type,,,,,NCIT:C3055,http://purl.obolibrary.org/obo/NCIT_C3055,C3055,
Glioblastoma,"The most malignant astrocytic tumor (WHO grade 4).  It is composed of poorly differentiated neoplastic astrocytes and is characterized by the presence of cellular polymorphism, nuclear atypia, brisk mitotic activity, vascular thrombosis, microvascular proliferation, and necrosis. It typically affects adults and is preferentially located in the cerebral hemispheres. (Adapted from WHO)",,,FALSE,,Tumor Type,,ICD-O-3,,"GBM (Glioblastoma), Spongioblastoma Multiforme, CNS, glioblastoma (GBM), Glioblastoma multiforme, glioblastoma multiforme, Glioblastoma Multiforme, GBM, Spongioblastoma multiforme",NCIT:C3058,http://purl.obolibrary.org/obo/NCIT_C3058,C3058,
Glioma,"A general term for tumors of the central nervous system, including astrocytomas, ependymal tumors, glioblastoma multiforme, and primitive neuroectodermal tumors.",,,FALSE,,Tumor Type,,ICD-O-3,,"Glial Neoplasm, Tumor of the Neuroglia, Tumor of Neuroglia, Gliomas, Neuroglial Neoplasm, Neoplasm of the Neuroglia, glial tumor, Glial Tumor, Neoplasm of Neuroglia, Neuroglial Tumor",NCIT:C3059,http://purl.obolibrary.org/obo/NCIT_C3059,C3059,
Head and Neck Carcinoma,"A carcinoma that arises from the head and neck region.  Representative examples include oral cavity squamous cell carcinoma, laryngeal squamous cell carcinoma, and salivary gland carcinoma.",,,FALSE,,Tumor Type,,,,"Carcinoma of the Head and Neck, Carcinoma of Head and Neck",NCIT:C35850,http://purl.obolibrary.org/obo/NCIT_C35850,C35850,
Head and Neck Neoplasm,"A carcinoma that arises from the head and neck region.  Representative examples include oral cavity squamous cell carcinoma, laryngeal squamous cell carcinoma, and salivary gland carcinoma.",,,FALSE,,Tumor Type,,,,"Carcinoma of the Head and Neck, Head and Neck Carcinoma, Carcinoma of Head and Neck",NCIT:C3077,http://purl.obolibrary.org/obo/NCIT_C3077,C35850,
Head and Neck Squamous Cell Carcinoma,"Cancer of the head and neck that begins in squamous cells (thin, flat cells that form the surface of the skin, eyes, various internal organs, and the lining of hollow organs and ducts of some glands). Squamous cell carcinoma of the head and neck includes cancers of the nasal cavity, sinuses, lips, mouth, salivary glands, throat, and larynx (voice box). Most head and neck cancers are squamous cell carcinomas.",,,FALSE,,Tumor Type,,,,"Squamous Cell Carcinoma of Head and Neck, HNSCC, squamous cell carcinoma of the head and neck, Squamous Cell Carcinoma of the Head and Neck, SCCHN",NCIT:C34447,http://purl.obolibrary.org/obo/NCIT_C34447,C34447,
Hepatocellular Carcinoma,A type of adenocarcinoma and the most common type of liver tumor.,,,FALSE,,Tumor Type,,ICD-O-3,,"Hepatocellular Cancer, Liver Cell Cancer (Hepatocellular Carcinoma), Carcinoma of the Liver Cells, Hepatoma, Primary Carcinoma of Liver Cells, Primary Carcinoma of the Liver Cells, Carcinoma of Liver Cells, hepatoma, Liver cell carcinoma, Liver Cell Carcinoma, HCC, LIHC",NCIT:C3099,http://purl.obolibrary.org/obo/NCIT_C3099,C3099,
High Grade Ovarian Serous Adenocarcinoma,A rapidly growing serous adenocarcinoma that arises from the ovary. It is characterized by the presence of high grade cytologic features and frequent mitotic figures.,,,FALSE,,Tumor Type,,,,"High-Grade Ovarian Serous Adenocarcinoma, Ovarian High Grade Serous Adenocarcinoma, Ovarian High-Grade Serous Adenocarcinoma",NCIT:C105555,http://purl.obolibrary.org/obo/NCIT_C105555,C105555,
Histiocytic Sarcoma,"An aggressive malignant neoplasm with a poor response to therapy, usually presenting as stage III/IV disease. It is characterized by the presence of neoplastic cells with morphologic and immunophenotypic characteristics similar to those seen in mature histiocytes.",,,FALSE,,Tumor Type,,ICD-O-3,,,NCIT:C27349,http://purl.obolibrary.org/obo/NCIT_C27349,C27349,
Hodgkin Lymphoma,A malignant neoplasm of the lymphatic system that is comprised of abnormal lymphocytes and is characterized by the presence of Reed-Sternberg cells.,,,FALSE,,Tumor Type,,ICD-O-3,,"Hodgkin's Lymphoma, HL, Malignant lymphoma, Hodgkin, Hodgkin's Disease, Hodgkin disease",NCIT:C9357,http://purl.obolibrary.org/obo/NCIT_C9357,C9357,
Intestinal Neoplasm,A benign or malignant neoplasm involving the small or large intestine.,,,FALSE,,Tumor Type,,,,"Tumor of the Intestines, Neoplasm of Intestines, Intestinal Tumors, Intestinal Neoplasms, Intestinal Tumor, Tumor of Intestines, Neoplasm of the Intestines",NCIT:C3141,http://purl.obolibrary.org/obo/NCIT_C3141,C3141,
Intrahepatic Cholangiocarcinoma,A malignant neoplasm of the liver arising from/comprising cells resembling those of bile ducts.,,,FALSE,,Tumor Type,,,,"Intrahepatic Carcinoma of the Bile Duct, iCCA, Intrahepatic Bile Duct Carcinoma, Intrahepatic Carcinoma of Bile Duct, iCC, Intrahepatic Bile Duct Cancer (Cholangiocarcinoma), ICCA, Intrahepatic Cholangiocellular Carcinoma",NCIT:C35417,http://purl.obolibrary.org/obo/NCIT_C35417,C35417,Added by Brynn 05/26/2022
Invasive Ductal Breast Carcinoma,"The most common type of invasive breast cancer. It starts in the cells that line the milk ducts in the breast, grows outside the ducts, and often spreads to the lymph nodes.",,,FALSE,,Tumor Type,,,,"Infiltrating Ductal Carcinoma, Invasive Ductal Carcinoma, Invasive Ductal Adenocarcinoma, Infiltrating Ductal Adenocarcinoma, Invasive Breast Carcinoma of No Special Type, IBC NST, Invasive Ductal Carcinoma of the Breast, Infiltrating Ductal Carcinoma of Breast, infiltrating ductal carcinoma, Invasive Ductal Carcinoma of Breast, Infiltrating Ductal Carcinoma of the Breast, Infiltrating Ductal Breast Carcinoma, Invasive Ductal Carcinoma, NST",NCIT:C4194,http://purl.obolibrary.org/obo/NCIT_C4194,C4194,
Kaposi Sarcoma,A type of cancer characterized by the abnormal growth of blood vessels that develop into skin lesions or occur internally.,,,FALSE,,Tumor Type,,ICD-O-3,,"Multiple hemorrhagic sarcoma, Multiple Hemorrhagic Sarcoma, Kaposi's sarcoma, KS, Kaposi's Sarcoma",NCIT:C9087,http://purl.obolibrary.org/obo/NCIT_C9087,C9087,
Leiomyoma,"A well-circumscribed benign smooth muscle neoplasm characterized by the presence of spindle cells with cigar-shaped nuclei, interlacing fascicles, and a whorled pattern.",,,FALSE,,Tumor Type,,ICD-O-3,,"Leiomyomatous Neoplasm, Fibroid Neoplasm, Fibroid Tumor, LEIOMYOMA, BENIGN, fibroid, Fibroid, Leiomyomatous Tumor",NCIT:C6510,http://purl.obolibrary.org/obo/NCIT_C6510,C6510,
Leukemia,Cancer that starts in blood-forming tissue such as the bone marrow and causes large numbers of blood cells to be produced and enter the bloodstream.,,,FALSE,,Tumor Type,,ICD-O-3,,"Leukemia, Disease, Leukemias, Blood (Leukemia)",NCIT:C3161,http://purl.obolibrary.org/obo/NCIT_C3161,C3161,
Liver and Intrahepatic Bile Duct Carcinoma,Primary liver cancer is cancer that forms in the tissues of the liver. Secondary liver cancer is cancer that spreads to the liver from another part of the body.,,,FALSE,,Tumor Type,,,,"Liver Cancer, Cancer of the Liver and Intrahepatic Biliary Tract, Liver/hepatobiliary cancer, Cancer of Liver, Primary Liver Carcinoma, Cancer of the Liver, Liver and Intrahepatic Biliary Tract Carcinoma, liver cancer, Liver and Intrahepatic Bile Duct Cancer, Liver and Intrahepatic Biliary Tract Cancer, Liver Carcinoma, Cancer of Liver and Intrahepatic Biliary Tract, Biliary Tract Cancer",NCIT:C7927,http://purl.obolibrary.org/obo/NCIT_C7927,C7927,
Liver and Intrahepatic Bile Duct Neoplasm,"A benign or malignant neoplasm that affects the liver parenchyma or intrahepatic bile ducts.  Representative examples of benign neoplasms include hepatocellular adenoma, and bile duct adenoma.  Representative examples of malignant neoplasms include hepatocellular carcinoma, intrahepatic cholangiocarcinoma, and lymphoma.",,,FALSE,,Tumor Type,,,,"Hepatic and Intrahepatic Bile Duct Neoplasm, Liver Neoplasm",NCIT:C7103,http://purl.obolibrary.org/obo/NCIT_C7103,C7103,
Low Grade Glioma,"A grade I or grade II glioma arising from the central nervous system. This category includes pilocytic astrocytoma, diffuse astrocytoma, subependymal giant cell astrocytoma, ependymoma, oligodendroglioma, oligoastrocytoma, and angiocentric glioma.",,,FALSE,,Tumor Type,,,,"CNS, low grade glioma (LGG), LGG, Low-Grade Glioma",NCIT:C132067,http://purl.obolibrary.org/obo/NCIT_C132067,C132067,
Luminal A Breast Carcinoma,"A biologic subset of breast carcinoma defined by high expression of genes characteristic of luminal epithelial cells, including estrogen receptor (ER), estrogen regulated protein LIV-1, and the transcription factors hepatocyte nuclear factor 3, HNF3A, XBP1, and GATA 3.  This subtype of breast cancer is associated with a good prognosis.",,,FALSE,,Tumor Type,,,,"Luminal A Subtype of Breast Carcinoma, Luminal A Breast Cancer, Luminal A Estrogen Receptor Positive Subtype of Breast Carcinoma, Luminal A",NCIT:C53554,http://purl.obolibrary.org/obo/NCIT_C53554,C53554,
Lung Adenocarcinoma,"A carcinoma that arises from the lung and is characterized by the presence of malignant glandular epithelial cells.  There is a male predilection with a male to female ratio of 2:1.  Usually lung adenocarcinoma is asymptomatic and is identified through screening studies or as an incidental radiologic finding.  If clinical symptoms are present they include shortness of breath, cough, hemoptysis, chest pain, and fever.  Tobacco smoke is a known risk factor.",,,FALSE,,Tumor Type,,,,"Adenocarcinoma of Lung, Adenocarcinoma of the Lung, Adenocarcinoma, LUAD",NCIT:C3512,http://purl.obolibrary.org/obo/NCIT_C3512,C3512,
Lung Carcinoma,"Cancer that forms in tissues of the lung, usually in the cells lining air passages. The two main types are small cell lung cancer and non-small cell lung cancer. These types are diagnosed based on how the cells look under a microscope.",,,FALSE,,Tumor Type,,,,"Carcinoma In Situ of Bronchus and Lung, Carcinoma of the Lung, Lung Cancer, Lung Cancer (all types), Cancer of the Lung, lung cancer, Carcinoma of Lung, Cancer of Lung",NCIT:C4878,http://purl.obolibrary.org/obo/NCIT_C4878,C4878,
Lung Neoplasm,"A benign or malignant, primary or metastatic neoplasm involving the lungs.  Representative examples of benign neoplasms include adenoma, papilloma, chondroma, and endobronchial lipoma.  Representative examples of malignant neoplasms include carcinoma, carcinoid tumor, sarcoma, and lymphoma.",,,FALSE,,Tumor Type,,,,"Lung Neoplasms, Tumor of Lung, Neoplasm of Lung, Neoplasm of the Lung, Tumor of the Lung, Lung Tumor",NCIT:C3200,http://purl.obolibrary.org/obo/NCIT_C3200,C3200,
Lung Non-Small Cell Carcinoma,"A group of lung cancers that are named for the kinds of cells found in the cancer and how the cells look under a microscope. The three main types of non-small cell lung cancer are squamous cell carcinoma, large cell carcinoma, and adenocarcinoma. Non-small cell lung cancer is the most common kind of lung cancer.",,,FALSE,,Tumor Type,,,,"Non-Small Cell Carcinoma of the Lung, NSCLC - Non-Small Cell Lung Cancer, non-small cell lung cancer, Non-Small Cell Lung Carcinoma, Non-Small Cell Cancer of the Lung, NSCLC, Non-Small Cell Carcinoma of Lung, Non-Small Cell Cancer of Lung, Non-Small Cell Lung Cancer",NCIT:C2926,http://purl.obolibrary.org/obo/NCIT_C2926,C2926,
Lung Small Cell Carcinoma,An aggressive (fast-growing) cancer that forms in tissues of the lung and can spread to other parts of the body. The cancer cells look small and oval-shaped when looked at under a microscope.,,,FALSE,,Tumor Type,,,,"Small Cell Carcinoma of the Lung, Small Cell Carcinoma of Lung, Small Cell Neuroendocrine Carcinoma of the Lung, Small Cell Lung Carcinoma, Oat Cell Carcinoma of Lung, Oat Cell Carcinoma of the Lung, Small cell lung cancer, Lung Small Cell Neuroendocrine Carcinoma, Lung Oat Cell Carcinoma, Small Cell Lung Cancer, SCLC, Small Cell Neuroendocrine Carcinoma of Lung, Oat Cell Lung Carcinoma, small cell lung cancer",NCIT:C4917,http://purl.obolibrary.org/obo/NCIT_C4917,C4917,
Lung Squamous Cell Carcinoma,"A carcinoma arising from squamous bronchial epithelial cells. It may be keratinizing or non-keratinizing. Keratinizing squamous cell carcinoma is characterized by the presence of keratinization, pearl formation, and/or intercellular bridges. Non-keratinizing squamous cell carcinoma is characterized by the absence of keratinization, pearl formation, and intercellular bridges. Cigarette smoking and arsenic exposure are strongly associated with squamous cell lung carcinoma.",,,FALSE,,Tumor Type,,,,"Epidermoid Cell Carcinoma of the Lung, Epidermoid Cell Carcinoma of Lung, Epidermoid Cell Lung Carcinoma, LUSC, Squamous Cell Carcinoma of Lung, LSCC, Squamous cell lung carcinoma, Squamous Cell Carcinoma of the Lung, Squamous Cell Lung Cancer, Squamous Cell Lung Carcinoma",NCIT:C3493,http://purl.obolibrary.org/obo/NCIT_C3493,C3493,
Lymphoid Leukemia,A type of cancer in which the bone marrow makes too many lymphocytes (white blood cells).,,,FALSE,,Tumor Type,,ICD-O-3,,"Lymphocytic Leukemia, lymphocytic leukemia, Lymphogenous Leukemia",NCIT:C7539,http://purl.obolibrary.org/obo/NCIT_C7539,C7539,
Lymphoma,"Cancer that begins in cells of the immune system. There are two basic categories of lymphomas. One kind is Hodgkin lymphoma, which is marked by the presence of a type of cell called the Reed-Sternberg cell. The other category is non-Hodgkin lymphomas, which includes a large, diverse group of cancers of immune system cells. Non-Hodgkin lymphomas can be further divided into cancers that have an indolent (slow-growing) course and those that have an aggressive (fast-growing) course. These subtypes behave and respond to treatment differently. Both Hodgkin and non-Hodgkin lymphomas can occur in children and adults, and prognosis and treatment depend on the stage and the type of cancer.",,,FALSE,,Tumor Type,,ICD-O-3,,"Lymphomatous, Malignant Lymphoma, Lymphoma (Hodgkin's and Non-Hodgkin's), Lymphoma (Hodgkin and Non-Hodgkin)",NCIT:C3208,http://purl.obolibrary.org/obo/NCIT_C3208,C3208,
Malignant Brain Neoplasm,An abnormal solid mass arising within the brain with histologic features suggesting the potential to metastasize.,,,FALSE,,Tumor Type,,,,"Malignant Brain Tumor, Malignant Tumor of Brain, Malignant Neoplasm of Brain, Brain Cancer, Cancer of Brain, Malignant Tumor of the Brain, Cancer of the Brain, Malignant Neoplasm of the Brain",NCIT:C3568,http://purl.obolibrary.org/obo/NCIT_C3568,C3568,
Malignant Digestive System Neoplasm,A primary or metastatic malignant neoplasm involving any part of the digestive system.,,,FALSE,,Tumor Type,,,,"Malignant Gastrointestinal System Neoplasm, Gastrointestinal System Cancer, Malignant Gastrointestinal Neoplasm",NCIT:C4890,http://purl.obolibrary.org/obo/NCIT_C4890,C4890,
Malignant Genitourinary System Neoplasm,A primary or metastatic malignant neoplasm that affects the genitourinary system.,,,FALSE,,Tumor Type,,,,"Genitourinary System Cancer, Malignant Genitourinary Neoplasm, Genitourinary Cancer",NCIT:C156484,http://purl.obolibrary.org/obo/NCIT_C156484,C156484,
Malignant Glioma,"A malignant neuroglial neoplasm. The term can apply to several primary neoplasm of the brain and spinal cord, including astrocytoma and oligodendroglioma in addition to others.",,,FALSE,,Tumor Type,,,,"Malignant Glial Tumor, High-Grade Glioma, High Grade Glioma, Malignant Neuroglial Neoplasm, Malignant Neuroglial Tumor, Malignant Glial Neoplasm",NCIT:C4822,http://purl.obolibrary.org/obo/NCIT_C4822,C4822,
Malignant Neoplasm,Uncontrolled growth of abnormal cells with potential for metastatic spread.,,,FALSE,,Tumor Type,,,,"Malignant Growth, cancer, Tumor, Malignant Tumor, Cancer",NCIT:C9305,http://purl.obolibrary.org/obo/NCIT_C9305,C9305,
Malignant Ovarian Neoplasm,"Cancer that forms in tissues of the ovary (one of a pair of female reproductive glands in which the ova, or eggs, are formed). Most ovarian cancers are either ovarian epithelial carcinomas (cancer that begins in the cells on the surface of the ovary) or malignant germ cell tumors (cancer that begins in egg cells).",,,FALSE,,Tumor Type,,,,"Cancer of the Ovary, Malignant Neoplasm of the Ovary, Cancer of Ovary, ovarian cancer, Ovarian Cancer, Malignant Tumor of Ovary, Malignant Ovarian Tumor, Malignant Neoplasm of Ovary, Malignant Tumor of the Ovary",NCIT:C7431,http://purl.obolibrary.org/obo/NCIT_C7431,C7431,
Malignant Pancreatic Neoplasm,A primary or metastatic malignant tumor involving the pancreas.  Representative examples include carcinoma and lymphoma.,,,FALSE,,Tumor Type,,,,"Malignant Neoplasm of the Pancreas, Malignant Neoplasm of Pancreas, Pancreatic Cancer",NCIT:C9005,http://purl.obolibrary.org/obo/NCIT_C9005,C9005,
Malignant Peripheral Nerve Sheath Tumor,"An uncommon, highly aggressive malignant tumor, arising from the peripheral nerves and affecting mostly adults in their third to sixth decades of life.  It usually occurs in medium-sized and large nerves of the buttock, thigh, upper arm, or the paraspinal region.  It may be associated with neurofibromatosis 1 (NF1).",,,FALSE,,Tumor Type,,,,"Malignant Schwannoma, Malig. periph. nerve sheath tum., Malignant Peripheral Nerve Sheath Tumour, Neurogenic sarcoma, Neurofibrosarcoma, Malignant Peripheral Nerve Tissue Tumor, Malignant Neurilemmoma, Malignant Peripheral Nerve Sheath Neoplasm, MPNST, Neurofibrosarcoma",NCIT:C3798,http://purl.obolibrary.org/obo/NCIT_C3798,C3798,
Malignant Peritoneal Neoplasm,Cancer of the tissue that lines the abdominal wall and covers organs in the abdomen.,,,FALSE,,Tumor Type,,,,"Cancer of Peritoneum, Peritoneal Cancer, Peritoneal Cavity Cancer, Cancer of the Peritoneum, peritoneal cancer",NCIT:C3538,http://purl.obolibrary.org/obo/NCIT_C3538,C3538,
Malignant Skin Neoplasm,Cancer that forms in the tissues of the skin. There are several types of skin cancer. Skin cancer that forms in melanocytes (skin cells that make pigment) is called melanoma. Skin cancer that forms in the lower part of the epidermis (the outer layer of the skin) is called basal cell carcinoma. Skin cancer that forms in squamous cells (flat cells that form the surface of the skin) is called squamous cell carcinoma. Skin cancer that forms in neuroendocrine cells (cells that release hormones in response to signals from the nervous system) is called neuroendocrine carcinoma of the skin. Most skin cancers form in older people on parts of the body exposed to the sun or in people who have weakened immune systems.,,,FALSE,,Tumor Type,,,,"Skin Cancer, Including Melanoma, Malignant Tumor of Skin, Malignant Skin Tumor, Skin Cancer, Malignant Neoplasm of Skin, Malignant Tumor of the Skin, skin cancer, Melanoma and Non-Melanoma Skin Cancer, Malignant Neoplasm of the Skin",NCIT:C2920,http://purl.obolibrary.org/obo/NCIT_C2920,C2920,
Mantle Cell Lymphoma,"An aggressive, usually diffuse non-Hodgkin lymphoma composed of small to medium sized B-lymphocytes (centrocytes).  Most patients present with advanced stage disease with lymphadenopathy, hepatosplenomegaly, and bone marrow involvement.  The gastrointestinal tract is the most commonly affected extranodal site by this type of non-Hodgkin lymphoma.  The vast majority of cases express the t(11;14)(q13;q32) resulting in the rearrangement of the BCL-1 gene and the overexpression of cyclin D1 mRNA.",,,FALSE,,Tumor Type,,ICD-O-3,,"Classical Mantle Cell Lymphoma, MCL, Mantle Zone Lymphoma, Mantle zone lymphoma",NCIT:C4337,http://purl.obolibrary.org/obo/NCIT_C4337,C4337,
Marginal Zone Lymphoma,"An indolent (slow-growing) type of B-cell non-Hodgkin lymphoma that begins forming in certain areas (the marginal zones) of lymph tissue. There are three types based on whether it forms in the spleen, lymph nodes, or other lymphoid tissue that contains a lot of B cells (a type of white blood cell).",,,FALSE,,Tumor Type,,ICD-O-3,,"MZL, MZBCL, Marginal Zone B-Cell Lymphoma, marginal zone B-cell lymphoma",NCIT:C4341,http://purl.obolibrary.org/obo/NCIT_C4341,C4341,
Medulloblastoma,A rapidly progressive cancer of the brain that originates in the cerebellum.,,,FALSE,,Tumor Type,,ICD-O-3,,"Medulloblastomas, CNS, medulloblastoma",NCIT:C3222,http://purl.obolibrary.org/obo/NCIT_C3222,C3222,
Melanoma,"A malignant, usually aggressive tumor composed of atypical, neoplastic melanocytes. Most often, melanomas arise in the skin (cutaneous melanomas) and include the following histologic subtypes: superficial spreading melanoma, nodular melanoma, acral lentiginous melanoma, and lentigo maligna melanoma. Cutaneous melanomas may arise from acquired or congenital melanocytic or dysplastic nevi. Melanomas may also arise in other anatomic sites including the gastrointestinal system, eye, urinary tract, and reproductive system. Melanomas frequently metastasize to lymph nodes, liver, lungs, and brain.",,,FALSE,,Tumor Type,,ICD-O-3,,Malignant Melanoma,NCIT:C3224,http://purl.obolibrary.org/obo/NCIT_C3224,C3224,
Meningioma,A usually benign tumor that develops in the meninges.,,,FALSE,,Tumor Type,,ICD-O-3,,Meningiomas,NCIT:C3230,http://purl.obolibrary.org/obo/NCIT_C3230,C3230,
Mesothelioma,A usually malignant and aggressive neoplasm of the mesothelium which is often associated with exposure to asbestos.,,,FALSE,,Tumor Type,,ICD-O-3,,,NCIT:C4456,http://purl.obolibrary.org/obo/NCIT_C4456,C4456,
Multiple Myeloma,A type of cancer that begins in plasma cells (white blood cells that produce antibodies).,,,FALSE,,Tumor Type,,ICD-O-3,,"plasma cell myeloma, Multiple Myeloma/Plasma Cell Myeloma, Kahler disease, Myeloma, myeloma, myelomatosis, Myelomatosis, Plasma Cell Myeloma, Plasma cell myeloma",NCIT:C3242,http://purl.obolibrary.org/obo/NCIT_C3242,C3242,
Mycosis Fungoides,"A type of non-Hodgkin's lymphoma that first appears on the skin and can spread to the lymph nodes or other organs such as the spleen, liver, or lungs.",,,FALSE,,Tumor Type,,ICD-O-3,,"CTCL/ Mycosis fungoides, MF, Cutaneous T-cell lymphoma/Mycosis fungoides",NCIT:C3246,http://purl.obolibrary.org/obo/NCIT_C3246,C3246,
Myeloid Leukemia,"A progressive, proliferative disease of blood cells, originating from immature granulocytes.",,,FALSE,,Tumor Type,,,,"Non-Lymphocytic Leukemia, Myelogenous Leukemia, Non-Lymphoblastic Leukemia, Leukemia Granulocytic, Non-lymphoblastic Leukemia, Leukemia Myeloid, Myelocytic Leukemia, Non-lymphocytic Leukemia",NCIT:C3172,http://purl.obolibrary.org/obo/NCIT_C3172,C3172,Added by Brynn 2/23/2022
Myeloid Neoplasm,Proliferation of myeloid cells originating from a primitive stem cell.,,,FALSE,,Tumor Type,,,,"Myeloid Tumor, Myeloid Malignancy",NCIT:C9290,http://purl.obolibrary.org/obo/NCIT_C9290,C9290,
Myeloproliferative Neoplasm,"A group of slow growing blood cancers, including chronic myelogenous leukemia, in which large numbers of abnormal red blood cells, white blood cells, or platelets grow and spread in the bone marrow and the peripheral blood.",,,FALSE,,Tumor Type,,,,"MPN, Chronic Myeloproliferative Disease, CMPD, Myeloproliferative Disease, Myeloproliferative Disorder, MPD, Chronic Myeloproliferative Disorders, Chronic Myeloproliferative Disorder, Chronic Myeloproliferative Neoplasm, Myeloproliferative Tumor, myeloproliferative disorder, Chronic myeloproliferative disorder",NCIT:C4345,http://purl.obolibrary.org/obo/NCIT_C4345,C4345,
Myoepithelioma,"A tumor composed predominantly of myoepithelial cells, the contractile cells that normally surround the secretory acini of glandular tissue such as the salivary or breast glands. It is usually benign, though malignant myoepithelial tumors (myoepithelial carcinoma) also occur.",,,FALSE,,Tumor Type,,ICD-O-3,,,NCIT:C40392,http://purl.obolibrary.org/obo/NCIT_C40392,C40392,
Nasopharyngeal Carcinoma,Cancer that forms in tissues of the nasopharynx (upper part of the throat behind the nose). Most nasopharyngeal cancers are squamous cell carcinomas (cancer that begins in flat cells lining the nasopharynx).,,,FALSE,,Tumor Type,,,,"Carcinoma of the Nasopharynx, Cancer of Nasopharynx, nasopharyngeal cancer, Nasopharyngeal Throat Cancer, Nasopharynx Cancer, Cancer of the Nasopharynx, Carcinoma of Nasopharynx, NPC, Nasopharyngeal Cancer",NCIT:C3871,http://purl.obolibrary.org/obo/NCIT_C3871,C3871,Added by Brynn 09/27/2022
Neuroblastoma,Cancer that arises in immature nerve cells and affects mostly infants and children.,,,FALSE,,Tumor Type,,ICD-O-3,,"Neural Crest Tumor, Neuroblastoma (Schwannian Stroma-poor), Neuroblastoma (Schwannian Stroma-Poor), Neuroblastoma (NBL)",NCIT:C3270,http://purl.obolibrary.org/obo/NCIT_C3270,C3270,
Neuroendocrine Neoplasm,"An epithelial neoplasm with neuroendocrine differentiation. This category includes neuroendocrine tumors, neuroendocrine carcinomas, and paragangliomas.",,,FALSE,,Tumor Type,,,,"Neuroendocrine Tumor, neuroendocrine tumor, NEN",NCIT:C3809,http://purl.obolibrary.org/obo/NCIT_C3809,C3809,
Neuroepithelial Neoplasm,"A neoplasm of the nervous system that arises from the neuroepithelial tissues.  Representative examples include astrocytic tumors, oligodendroglial tumors, ependymal tumors, and primitive neuroectodermal tumors.",,,FALSE,,Tumor Type,,,,"Neuroepithelial Tumors, Neuroepithelial Neoplasms, Neuroepithelial Tissue Neoplasm, Tumor of the Neuroepithelium, Neoplasm of Neuroepithelium, Neoplasm of Neuroepithelial Tissue, Neuroepithelial Tumor, Tumor of Neuroepithelial Tissue, Neoplasm of the Neuroepithelium, Tumor of Neuroepithelium, Neuroepithelial Tissue Tumor, Neuroepitheliomatous Neoplasms",NCIT:C3787,http://purl.obolibrary.org/obo/NCIT_C3787,C3787,
Neurofibroma,An intraneural or extraneural neoplasm arising from nerve tissues and neural sheaths. It is composed of perineurial-like fibroblasts and Schwann cells. It usually presents as a localized cutaneous lesion and less often as a circumscribed peripheral nerve mass. Patients with neurofibromatosis type 1 present with multiple masses. Neurofibromas which arise from major nerves and plexiform neurofibromas are precursor lesions to malignant peripheral nerve sheath tumors.,,,FALSE,,Tumor Type,,,,"NEUROFIBROMA, BENIGN, Neurofibroma (WHO Grade I)",NCIT:C3272,http://purl.obolibrary.org/obo/NCIT_C3272,C3272,
Non-Functioning Pituitary Gland Adenoma,A hormone producing or non-producing pituitary neuroendocrine tumor not associated with a hormonal syndrome.,,,FALSE,,Tumor Type,,,,"Functionless Adenoma of the Pituitary Gland, Nonfunctional Pituitary Gland Adenoma, Functionless Adenoma of Pituitary Gland, Non-Functioning Adenoma of the Pituitary, Non-Functioning Pituitary Adenoma, Non-Secretory Adenoma of the Pituitary, Non-Functioning Pituitary Gland Tumor, Non-Secretory Adenoma of Pituitary, Non-Functioning Pituitary Neuroendocrine Tumor, Silent Pituitary Gland Adenoma, Functionless Pituitary Gland Adenoma, Non-Functioning PitNET/Adenoma, Functionless Adenoma of Pituitary, Nonfunctioning Pituitary Gland Adenoma, Functionless Adenoma of the Pituitary, Non-Functioning Adenoma of Pituitary, Non-Functioning Pituitary Neuroendocrine Tumor/Adenoma, Non-Secretory Adenoma of the Pituitary Gland, Non-Secretory Pituitary Adenoma, Non-Functioning Adenoma of Pituitary Gland, Functionless Pituitary Adenoma, Non-Secretory Adenoma of Pituitary Gland, Non-Functioning Adenoma of the Pituitary Gland, Non-Secretory Pituitary Gland Adenoma",NCIT:C4348,http://purl.obolibrary.org/obo/NCIT_C4348,C4348,
Non-Hodgkin Lymphoma,"Distinct from Hodgkin lymphoma both morphologically and biologically, non-Hodgkin lymphoma (NHL) is characterized by the absence of Reed-Sternberg cells, can occur at any age, and usually presents as a localized or generalized lymphadenopathy associated with fever and weight loss. The clinical course varies according to the morphologic type. NHL is clinically classified as indolent, aggressive, or having a variable clinical course. NHL can be of B-or T-/NK-cell lineage.",,,FALSE,,Tumor Type,,ICD-O-3,,"Non-Hodgkin's Lymphoma (NHL), Non-Hodgkin's Lymphoma, NHL",NCIT:C3211,http://purl.obolibrary.org/obo/NCIT_C3211,C3211,
Not Applicable,Determination of a value is not relevant in the current context. (NCI),,,FALSE,,Tumor Type,,,,"NA, Normal, N/A, No Apparent Adverse Event, na, No unit of measure required, Does Not Apply, {Not applicable}, {NA}",NCIT:C48660,http://purl.obolibrary.org/obo/NCIT_C48660,C48660,
Oral Cavity Neoplasm,A benign or malignant neoplasm that affects the oral cavity.,,,FALSE,,Tumor Type,,,,"Mouth Neoplasm, Oral Cavity Tumor, Mouth Tumor",NCIT:C7606,http://purl.obolibrary.org/obo/NCIT_C7606,C7606,
Oral Cavity Squamous Cell Carcinoma,A type of mass spectrometry that uses the cyclotron frequency of ions in a fixed magnetic field to determine their ionic mass-to-charge ratio.,,,FALSE,,Tumor Type,,,,Fourier Transform Ion Cyclotron Resonance Mass Spectrometry,NCIT:C4833,http://purl.obolibrary.org/obo/NCIT_C4833,C116571,
Oropharyngeal Neoplasm,A benign or malignant neoplasm that affects the oropharynx.,,,FALSE,,Tumor Type,,,,"Tumor of Oropharynx, Neoplasm of Oropharynx, Oropharyngeal Neoplasms, Tumor of the Oropharynx, Neoplasm of the Oropharynx, Oropharyngeal Tumor",NCIT:C3291,http://purl.obolibrary.org/obo/NCIT_C3291,C3291,
Osteosarcoma,"A usually aggressive malignant bone-forming mesenchymal neoplasm, predominantly affecting adolescents and young adults. It usually involves bones and less frequently extraosseous sites. It often involves the long bones (particularly distal femur, proximal tibia, and proximal humerus). Pain with or without a palpable mass is the most frequent clinical symptom. It may spread to other anatomic sites, particularly the lungs.",,,FALSE,,Tumor Type,,ICD-O-3,,"Osteogenic Sarcoma, osteogenic sarcoma",NCIT:C9145,http://purl.obolibrary.org/obo/NCIT_C9145,C9145,
Ovarian Adenosarcoma,A biphasic neoplasm that arises from the ovary and is characterized by the presence of mullerian-type epithelial tissue in a mesenchymal sarcomatous stroma.  The presence of a high grade sarcomatous component is associated with recurrences and metastases.,,,FALSE,,Tumor Type,,,,"Ovarian Mesodermal Adenosarcoma, Ovarian Mullerian Adenosarcoma",NCIT:C7317,http://purl.obolibrary.org/obo/NCIT_C7317,C7317,
Ovarian Carcinoma,Cancer that occurs in the cells lining the ovaries.,,,FALSE,,Tumor Type,,,,"Ovarian Cancer, Carcinoma of the Ovary, ovarian epithelial cancer, epithelial ovarian cancer, Epithelial Ovarian Cancer, Ovarian Epithelial Cancer, Carcinoma of Ovary, Ovarian epithelial cancer",NCIT:C4908,http://purl.obolibrary.org/obo/NCIT_C4908,C4908,
Ovarian Neoplasm,"A benign, borderline, or malignant neoplasm involving the ovary.",,,FALSE,,Tumor Type,,,,"Tumor of Ovary, Tumor of the Ovary, Ovarian Tumor, Ovarian Tumors, Neoplasm of the Ovary, Neoplasm of Ovary",NCIT:C4984,http://purl.obolibrary.org/obo/NCIT_C4984,C4984,
Ovarian Serous Adenocarcinoma,"An adenocarcinoma that arises from the ovary and is characterized by the presence of malignant epithelial cells that, in well differentiated tumors, resemble the epithelium of the fallopian tube or, in poorly differentiated tumors, show anaplastic features and marked nuclear atypia.",,,FALSE,,Tumor Type,,,,"Serous carcinoma, Serous Adenocarcinoma of Ovary, Serous Adenocarcinoma of the Ovary, Serous Carcinoma of Ovary, Ovarian Serous Carcinoma, Serous Carcinoma of the Ovary",NCIT:C7550,http://purl.obolibrary.org/obo/NCIT_C7550,C7550,
Pan-cancer,"A term describing analyses, datasets, or studies that span and compare multiple different cancer/tumor types together, rather than being limited to a single cancer type, in order to identify shared or distinguishing molecular and clinical features across cancers.",,,FALSE,,Tumor Type,,,,,,,,
Pancreatic Adenocarcinoma,An adenocarcinoma which arises from the exocrine pancreas.  Ductal adenocarcinoma and its variants are the most common types of pancreatic adenocarcinoma.,,,FALSE,,Tumor Type,,,,"Adenocarcinoma of the Pancreas, Adenocarcinoma - pancreas, Adenocarcinoma of Pancreas, Pancreas Adenocarcinoma, Adenocarcinoma of the pancreas",NCIT:C8294,http://purl.obolibrary.org/obo/NCIT_C8294,C8294,
Pancreatic Carcinoma,A disease in which malignant (cancer) cells are found in the tissues of the pancreas.,,,FALSE,,Tumor Type,,,,"Cancer of the Pancreas, Exocrine Pancreas Carcinoma, pancreatic cancer, exocrine cancer, Carcinoma of Pancreas, Cancer of Pancreas, Pancreatic Cancer, Pancreatic cancer (not Islets), Pancreas Carcinoma, Pancreas Cancer, Carcinoma of the Pancreas",NCIT:C207229,http://purl.obolibrary.org/obo/NCIT_C207229,C3850,
Pancreatic Ductal Adenocarcinoma,"An infiltrating adenocarcinoma that arises from the epithelial cells of the pancreas.  It affects males more often than females and the patients are usually over 50 years of age.  Microscopically it is characterized by the presence of glandular (ductal) differentiation and desmoplastic stroma formation.  Signs and symptoms include pain, loss of weight, and jaundice.  It grows rapidly and is usually detected after it has metastasized to other anatomic sites.  The prognosis is usually poor.",,,FALSE,,Tumor Type,,,,"PDAC, PDA, Pancreatic Tubular Adenocarcinoma, Pancreas Ductal Adenocarcinoma, Ductal Adenocarcinoma of the Pancreas, Ductal Adenocarcinoma of Pancreas",NCIT:C9120,http://purl.obolibrary.org/obo/NCIT_C9120,C9120,
Pancreatic Neoplasm,A benign or malignant neoplasm involving the pancreas.,,,FALSE,,Tumor Type,,,,"Pancreatic Tumor, Pancreas Tumor, Pancreas Neoplasm, Neoplasm of the Pancreas, Neoplasm of Pancreas, Tumor of Pancreas, Tumor of the Pancreas",NCIT:C3305,http://purl.obolibrary.org/obo/NCIT_C3305,C3305,
Pancreatic Neuroendocrine Carcinoma,"Cancer arising from cells in the islets of Langerhans, which are found in the pancreas.",,,FALSE,,Tumor Type,,,,"Islet cell carcinoma, Islet Cell Carcinoma, Malignant Pancreatic Endocrine Tumor, Malignant Islet Cell Tumor, Poorly Differentiated Neuroendocrine Neoplasm, PanNEC, Islet Cell Cancer, Pancreatic Endocrine Carcinoma, pancreatic endocrine cancer, High-Grade Pancreatic Neuroendocrine Carcinoma, High Grade Pancreatic Neuroendocrine Carcinoma, Pancreatic Neuroendocrine Cancer, Poorly Differentiated Pancreatic Endocrine Carcinoma, islet cell cancer",NCIT:C3770,http://purl.obolibrary.org/obo/NCIT_C3770,C3770,
Pending Annotation,An administrative placeholder value indicating that a definitive tumor/cancer type has not yet been curated or assigned for this record; the classification is awaiting manual annotation review.,,,FALSE,,Tumor Type,,Sag,,"Limited Access, LA",NCIT:C53470,http://purl.obolibrary.org/obo/NCIT_C53470,C53470,
Penile Carcinoma,A rare cancer that forms in the penis (an external male reproductive organ). Most penile cancers are squamous cell carcinomas (cancer that begins in flat cells lining the penis).,,,FALSE,,Tumor Type,,,,"Carcinoma of the Penis, Penile Cancer, Carcinoma of Penis, Cancer of the Penis, penile cancer, Cancer of Penis",NCIT:C9061,http://purl.obolibrary.org/obo/NCIT_C9061,C9061,
Pheochromocytoma,"Tumor that forms in the center of the adrenal gland (gland located above the kidney) that causes it to make too much adrenaline. Pheochromocytomas are usually benign (not cancer) but can cause high blood pressure, pounding headaches, heart palpitations, flushing of the face, nausea, and vomiting.",,,FALSE,,Tumor Type,,ICD-O-3,,"PCC, Pheochromocytoma (adrenal), Adrenal Gland Chromaffin Paraganglioma, Adrenal Gland Paraganglioma, Adrenal medullary paraganglioma, Adrenal Pheochromocytoma, Adrenal Gland Chromaffinoma, Intraadrenal Paraganglioma, Chromaffin Paraganglioma of the Adrenal Gland, Adrenal Gland Pheochromocytoma, Adrenal Medullary Paraganglioma, Adrenal Medullary Pheochromocytoma",NCIT:C3326,http://purl.obolibrary.org/obo/NCIT_C3326,C3326,
Pilocytic Astrocytoma,"A WHO grade 1, relatively circumscribed, slowly growing, often cystic astrocytoma occurring in children and young adults.  Histologically it is characterized by a biphasic pattern with compacted bipolar cells associated with Rosenthal fibers and multipolar cells associated with microcysts and eosinophilic bodies/hyaline droplets. (WHO)",,,FALSE,,Tumor Type,,ICD-O-3,,"Grade 1 Astrocytoma, Grade 1 Astrocytic Tumor, Grade I Astrocytoma, Grade I Astrocytic Neoplasm, Grade I Astrocytic Tumor, Grade 1 Astrocytic Neoplasm",NCIT:C4047,http://purl.obolibrary.org/obo/NCIT_C4047,C4047,
Pituitary Gland Adenoma,"A well-differentiated neuroendocrine neoplasm that arises from the adenohypophysial cells of the anterior lobe of the pituitary gland. The tumor can be hormonally functioning or not. It has a low frequency of metastatic spread. When metastatic, the term metastatic pituitary neuroendocrine tumor is endorsed instead of pituitary carcinoma. (WHO)",,,FALSE,,Tumor Type,,,,"Adenoma of the Pituitary, Pituitary Neuroendocrine Tumor, Pituitary Adenoma, ADENOMA, ANTERIOR LOBE PITUITARY GLAND, BENIGN, Adenoma of Pituitary, PitNET/Adenoma, Adenoma of Pituitary Gland, PitNET, Pituitary Neuroendocrine Tumor/Adenoma, Adenoma of the Pituitary Gland, Pituitary Neuroendocrine Tumor (Formerly Pituitary Adenoma)",NCIT:C3329,http://purl.obolibrary.org/obo/NCIT_C3329,C3329,
Plasmablastic Lymphoma,"An aggressive diffuse large B-cell lymphoma frequently arising in the setting of HIV infection and characterized by the presence of large neoplastic cells resembling B-immunoblasts which have the immunophenotypic profile of plasma cells.  Sites of involvement include the oral cavity, sinonasal cavity, skin, soft tissues, gastrointestinal tract, and bone.",,,FALSE,,Tumor Type,,ICD-O-3,,PBL,NCIT:C7224,http://purl.obolibrary.org/obo/NCIT_C7224,C7224,
Plasmacytoma,A type of cancer that begins in plasma cells (white blood cells that produce antibodies). A plasmacytoma may turn into multiple myeloma.,,,FALSE,,Tumor Type,,,,,NCIT:C9349,http://purl.obolibrary.org/obo/NCIT_C9349,C9349,
Plexiform Schwannoma,"A schwannoma characterized by a plexiform or multinodular growth pattern.  It usually arises from the skin or subcutaneous tissues in the extremities, trunk, and head and neck.",,,FALSE,,Tumor Type,,,,"Plexiform Neurinoma, Plexiform Neurilemmoma",NCIT:C6969,http://purl.obolibrary.org/obo/NCIT_C6969,C6969,
Precursor B-cell lymphoblastic leukemia,"The most frequent type of acute lymphoblastic leukemia.  Approximately 75% of cases occur in children under six years of age.  This is a good prognosis leukemia.  In the pediatric age group the complete remission rate is approximately 95% and the disease free survival rate is 70%.  Approximately 80% of children appear to be cured.  In the adult age group the complete remission rate is 60-85%.  (WHO, 2001)",,,FALSE,,Tumor Type,,ICD-O-3,,,NCIT:C8936,http://purl.obolibrary.org/obo/NCIT_C8936,C8936,
Primary Central Nervous System Lymphoma,"Primary CNS lymphomas are extranodal malignant lymphomas arising in the CNS in the absence of obvious lymphoma outside the nervous system at the time of diagnosis. They should be differentiated from secondary involvement of the nervous system in systemic lymphomas. The incidence of primary CNS lymphomas has recently increased markedly worldwide from about 1% to over 6% of primary intracranial neoplasms due mainly as a consequence of the AIDS epidemic.  Primary CNS lymphomas affect all ages, with a peak incidence in immunocompetent subjects during the sixth and seventh decade of life and a male:female ratio of 3:2. In immunocompromised patients, the age at manifestation is lowest in individuals who have an inherited immunodeficiency (10 years), followed by transplant recipients (37 years) and AIDS patients (39 years, 90% males). About 60% of primary CNS lymphomas involve the supratentorial space, including the frontal (15%), temporal (8%), parietal (7%) and occipital (3%) lobes, basal ganglia/periventricular regions (10%) and corpus callosum (5%), the posterior fossa (13%), and the spinal cord (1%).  The majority of primary CNS lymphomas are large B-cell lymphomas, often associated with the Epstein-Barr virus.  (Adapted from WHO.)",,,FALSE,,Tumor Type,,,,Primary CNS Lymphoma,NCIT:C9301,http://purl.obolibrary.org/obo/NCIT_C9301,C9302,Added by Brynn 09/22/2022
Primary Myelofibrosis,"A progressive, chronic disease in which the bone marrow is replaced by fibrous tissue and blood is made in organs such as the liver and the spleen, instead of in the bone marrow. This disease is marked by an enlarged spleen and progressive anemia.",,,FALSE,,Tumor Type,,,,"Myelosclerosis with Myeloid Metaplasia, myelosclerosis with myeloid metaplasia, Myelosclerosis with myeloid metaplasia, Agnogenic myeloid metaplasia, Idiopathic Myelofibrosis, Idiopathic Bone Marrow Fibrosis, Agnogenic Myeloid Metaplasia, agnogenic myeloid metaplasia, idiopathic myelofibrosis, AMM",NCIT:C2862,http://purl.obolibrary.org/obo/NCIT_C2862,C2862,
Prostate Adenocarcinoma,"An adenocarcinoma arising from the prostate gland.  It is one of the most common malignant tumors afflicting men.  The majority of adenocarcinomas arise in the peripheral zone and a minority occurs in the central or the transitional zone of the prostate gland.  Grading of prostatic adenocarcinoma predicts disease progression and correlates with survival.  Several grading systems have been proposed, of which the Gleason system is the most commonly used.  Gleason sums of 2 to 4 represent well-differentiated disease, 5 to 7 moderately differentiated disease and 8 to 10 poorly differentiated disease.  Prostatic-specific antigen (PSA) serum test is widely used as a screening test for the early detection of prostatic adenocarcinoma.  Treatment options include radical prostatectomy, radiation therapy, androgen ablation and cryotherapy.  Watchful waiting or surveillance alone is an option for older patients with low-grade or low-stage disease.",,,FALSE,,Tumor Type,,,,"Adenocarcinoma of Prostate, Adenocarcinoma of the Prostate, PRAD",NCIT:C2919,http://purl.obolibrary.org/obo/NCIT_C2919,C2919,
Prostate Carcinoma,"One of the most common malignant tumors afflicting men.  The majority of carcinomas arise in the peripheral zone and a minority occur in the central or the transitional zone of the prostate gland.  Grossly, prostatic carcinomas appear as ill-defined yellow areas of discoloration in the prostate gland lobes.  Adenocarcinomas represent the overwhelming majority of prostatic carcinomas.  Prostatic-specific antigen (PSA) serum test is widely used as a screening test for the early detection of prostatic carcinoma.  Treatment options include radical prostatectomy, radiation therapy, androgen ablation and cryotherapy.  Watchful waiting or surveillance alone is an option for older patients with low-grade or low-stage disease.",,,FALSE,,Tumor Type,,,,"Cancer of Prostate, Carcinoma in situ of Prostate, Prostate Cancer, Carcinoma of Prostate, prostate cancer, Carcinoma of the Prostate, Cancer of the Prostate, Carcinoma In Situ of Prostate",NCIT:C4863,http://purl.obolibrary.org/obo/NCIT_C4863,C4863,
Prostate Neoplasm,"A benign, borderline, or malignant neoplasm that affects the prostate gland.  Representative examples include benign prostate phyllodes tumor, prostatic intraepithelial neoplasia, prostate carcinoma, and prostate sarcoma.",,,FALSE,,Tumor Type,,,,"Tumor of the Prostate, Tumor of Prostate, Neoplasm of Prostate, Prostate Tumor, Neoplasm of the Prostate",NCIT:C3343,http://purl.obolibrary.org/obo/NCIT_C3343,C3343,
Rectal Adenocarcinoma,"An adenocarcinoma arising from the rectum.  It is more frequently seen in populations with a Western type diet and in patients with a history of chronic inflammatory bowel disease.  Signs and symptoms include intestinal bleeding, anemia, and change in bowel habits.  According to the degree of cellular differentiation, rectal adenocarcinomas are divided into well, moderately, and poorly differentiated.  Histologic variants include mucinous adenocarcinoma, signet ring cell carcinoma, medullary carcinoma, serrated adenocarcinoma, cribriform comedo-type adenocarcinoma, and micropapillary adenocarcinoma.",,,FALSE,,Tumor Type,,,,"Adenocarcinoma of the Rectum, Adenocarcinoma - rectum, Adenocarcinoma of the rectum, Adenocarcinoma of Rectum",NCIT:C9383,http://purl.obolibrary.org/obo/NCIT_C9383,C9383,
Renal Cell Carcinoma,The most common type of kidney cancer. It begins in the lining of the renal tubules in the kidney. The renal tubules filter the blood and produce urine.,,,FALSE,,Tumor Type,,ICD-O-3,,"Renal Cell Adenocarcinoma, renal cell adenocarcinoma, Renal Cell Cancer, Renal cell carcinoma, unclassified, Adenocarcinoma of the Kidney, Renal cell adenocarcinoma, renal cell cancer, Kidney Adenocarcinoma, RCC, Adenocarcinoma of Kidney",NCIT:C9385,http://purl.obolibrary.org/obo/NCIT_C9385,C9385,
Retinoblastoma,Cancer that forms in the tissues of the retina (the light-sensitive layers of nerve tissue at the back of the eye). Retinoblastoma usually occurs in children younger than 5 years. It may be hereditary or nonhereditary (sporadic).,,,FALSE,,Tumor Type,,,,"RB, Retinoblastoma",NCIT:C7541,http://purl.obolibrary.org/obo/NCIT_C7541,C7541,Added by Brynn 09/27/2022
Rhabdomyosarcoma,Cancer that forms in the soft tissues in a type of muscle called striated muscle. Rhabdomyosarcoma can occur anywhere in the body.,,,FALSE,,Tumor Type,,ICD-O-3,,,NCIT:C3359,http://purl.obolibrary.org/obo/NCIT_C3359,C3359,
Rosette-Forming Glioneuronal Tumor,A central nervous system neoplasm mostly occurring in the fourth ventricle region. It is characterized by the presence of neurocytes forming pseudorosettes and astrocytes which contain Rosenthal fibers. Cytologic atypia is minimal.,,,FALSE,,Tumor Type,,,,RGNT,NCIT:C129431,http://purl.obolibrary.org/obo/NCIT_C129431,C129431,
Salivary Gland Adenoid Cystic Carcinoma,"An adenoid cystic carcinoma arising from the salivary gland.  It is characterized by the presence of epithelial and myoepithelial cells forming tubular, cribriform, and solid patterns.  It usually presents as a slow growing mass.  Patients may experience pain because of the tumor propensity for perineural invasion.  The tumor may follow an aggressive clinical course with recurrences and mestastases to distant sites including lungs, bones, brain, and liver.",,,FALSE,,Tumor Type,,,,"Adenoid Cystic Carcinoma of the Salivary Gland, Salivary Gland Adenoid Cystic Cancer, Adenoid Cystic Carcinoma of Salivary Gland",NCIT:C8026,http://purl.obolibrary.org/obo/NCIT_C8026,C8026,
Sarcoma,"A usually aggressive malignant neoplasm of the soft tissue or bone. It arises from muscle, fat, fibrous tissue, bone, cartilage, and blood vessels. Sarcomas occur in both children and adults. The prognosis depends largely on the degree of differentiation (grade) of the neoplasm. Representative subtypes are liposarcoma, leiomyosarcoma, osteosarcoma, and chondrosarcoma.",,,FALSE,,Tumor Type,,ICD-O-3,,"Mesenchymal Tumor,  SAR, Sarcoma of the Soft Tissue and Bone, Sarcoma of Soft Tissue and Bone",NCIT:C9118,http://purl.obolibrary.org/obo/NCIT_C9118,C9118,
Schwannoma,"A tumor of the peripheral nervous system that arises in the nerve sheath (protective covering).  It is almost always benign, but rare malignant schwannomas have been reported.",,,FALSE,,Tumor Type,,,,"Neurinoma, SCHWANNOMA, BENIGN, Schwannoma (WHO Grade I), Neurilemmoma, Schwannoma (Who Grade I), Benign Neurilemmoma, Benign Schwannoma",NCIT:C3269,http://purl.obolibrary.org/obo/NCIT_C3269,C3269,
Serous Tubal Intraepithelial Carcinoma,A non-invasive serous carcinoma arising from the fallopian tube.,,,FALSE,,Tumor Type,,,,"STIC, Serous tubal intraepithelial carcinoma (STIC), serous tubal intra-epithelial carcinoma",NCIT:C126449,http://purl.obolibrary.org/obo/NCIT_C126449,C126449,
Sinonasal Squamous Cell Carcinoma,"A rare, keratinizing or non-keratinizing squamous cell carcinoma arising from the mucosal epithelium of the nasal cavity or the paranasal sinuses.  It affects most often the maxillary sinus.  Less frequently, it arises from the nasal cavity, ethmoid sinus, sphenoid sinus, and frontal sinus.  Symptoms include nasal fullness, epistaxis, rhinorhea, pain, and paresthesia.  Patients with nasal squamous cell carcinoma usually present earlier than patients with maxillary sinus carcinoma and have a better prognosis compared to the latter group.",,,FALSE,,Tumor Type,,,,"Nasal Cavity and Paranasal Sinus Squamous Cell Carcinoma, Nasal Cavity and Paranasal Sinus Squamous Cell Cancer",NCIT:C68611,http://purl.obolibrary.org/obo/NCIT_C68611,C68611,Added by Brynn 09/28/2022
Skin Carcinoma,Skin cancer that arises in basal cells or squamous cells but not in melanocytes (pigment-producing cells of the skin).,,,FALSE,,Tumor Type,,,,"Carcinoma in situ of Skin, Non-Melanoma Skin Cancer, Non-melanoma Skin Cancer, Non-Melanoma Cancer of Skin, Skin Cancer, Non-Melanoma, Carcinoma In Situ of Skin, nonmelanoma skin cancer, Carcinoma of the Skin, Non-Melanoma Cancer of the Skin, Carcinoma of Skin",NCIT:C4914,http://purl.obolibrary.org/obo/NCIT_C4914,C4914,
Skin Neoplasm,"A benign, intermediate, or malignant neoplasm involving the skin.",,,FALSE,,Tumor Type,,,,"Neoplasm of the Skin, Skin Neoplasms, Skin Tumor, Tumor of the Skin, Neoplasm of Skin, Tumor of Skin",NCIT:C3372,http://purl.obolibrary.org/obo/NCIT_C3372,C3372,
Soft Tissue Sarcoma,"A solid, malignant neoplasm originating in muscle, tendon, fat, blood vessels, nerves, connective or joint tissue.",,,FALSE,,Tumor Type,,ICD-O-3,,"Connective Tissue Sarcoma, Non-Rhabdo. soft tissue sarcoma, Sarcoma of Soft Tissue, Sarcoma of the Soft Tissue",NCIT:C9306,http://purl.obolibrary.org/obo/NCIT_C9306,C9306,
Squamous Cell Carcinoma,"Cancer that begins in squamous cells, which are thin, flat cells that look like fish scales. Squamous cells are found in the tissue that forms the surface of the skin, the lining of the hollow organs of the body, and the passages of the respiratory and digestive tracts.",,,FALSE,,Tumor Type,,ICD-O-3,,"Malignant Squamous Cell Tumor, Malignant Epidermoid Cell Neoplasm, Squamous carcinoma, Squamous Carcinoma, Epidermoid Carcinoma, Squamous Cell Carcinoma, conventional, Malignant Epidermoid Cell Tumor, Squamous Cell Cancer, Squamous Cell Epithelioma, Malignant Squamous Cell Neoplasm, SCC, Epidermoid Cell Cancer, Squamous cell epithelioma",NCIT:C2929,http://purl.obolibrary.org/obo/NCIT_C2929,C2929,
Synovial Sarcoma,A malignant tumor that develops in the synovial membrane of the joints.,,,FALSE,,Tumor Type,,,,"Synovioma, Synovial Sarcoma",NCIT:C3400,http://purl.obolibrary.org/obo/NCIT_C3400,C3400,
T Acute Lymphoblastic Leukemia,An aggressive (fast-growing) type of leukemia (blood cancer) in which too many T-cell lymphoblasts (immature white blood cells) are found in the bone marrow and blood.,,,FALSE,,Tumor Type,,,,"Acute T-Cell Lymphocytic Leukemia, precursor T-lymphoblastic leukemia, Precursor T-Lymphoblastic Leukemia, T-cell acute lymphoblastic leukemia, T-Cell Type Acute Leukemia, Acute T-Cell Leukemia, Acute T-Cell Lymphoblastic Leukemia, T-ALL, T-Cell Acute Lymphoblastic Leukemia, T-Acute Lymphoblastic Leukemia, Precursor T-lymphoblastic leukemia (T-cell ALL), T-cell acute lymphocytic leukemia, Acute T Cell Lymphocytic Leukemia, Acute T Cell Lymphoblastic Leukemia, T-cell ALL, Acute T Cell Leukemia",NCIT:C3183,http://purl.obolibrary.org/obo/NCIT_C3183,C3183,
T-Cell Lymphoma,A non-Hodgkin lymphoma of T-cell lineage. It includes the T lymphoblastic lymphoma and the mature T- and NK-cell lymphomas.,,,FALSE,,Tumor Type,,ICD-O-3,,"T-Cell Non-Hodgkin's Lymphoma, T-Cell and NK-Cell Non-Hodgkin Lymphoma, T Cell Lymphoma, T-Cell and NK-Cell Non-Hodgkin's Lymphoma, Non-Hodgkin's T-Cell Lymphoma, T-Cell Non-Hodgkin Lymphoma",NCIT:C3466,http://purl.obolibrary.org/obo/NCIT_C3466,C3466,
Teratoma,"A type of germ cell tumor that may contain several different types of tissue, such as hair, muscle, and bone.  Teratomas occur most often in the ovaries in women, the testicles in men, and the tailbone in children.  Not all teratomas are malignant.",,,FALSE,,Tumor Type,,,,,NCIT:C3403,http://purl.obolibrary.org/obo/NCIT_C3403,C3403,
Testicular Embryonal Carcinoma,"A malignant germ cell neoplasm arising from the testis.  It is composed of primitive epithelial cells arranged in solid, papillary, and glandular configurations.  Most patients present with a testicular mass, which may be associated with pain.  More than half of the patients have metastatic disease at diagnosis.  The form of treatment following radical orchiectomy is stage dependent.",,,FALSE,,Tumor Type,,,,"Embryonal Carcinoma of the Testis, Embryonal Carcinoma of Testis",NCIT:C6341,http://purl.obolibrary.org/obo/NCIT_C6341,C6341,
Thyroid Gland Anaplastic Carcinoma,An aggressive carcinoma of the thyroid gland composed of undifferentiated cells.,,,FALSE,,Tumor Type,,,,"Anaplastic Carcinoma of Thyroid Gland, Anaplastic Follicular Cell Derived Thyroid Gland Carcinoma, Undifferentiated Carcinoma of Thyroid Gland, Thyroid Gland Undifferentiated (Anaplastic) Carcinoma, Undifferentiated Carcinoma of the Thyroid Gland, Thyroid Gland Spindle Cell Carcinoma, Anaplastic Carcinoma of the Thyroid Gland, Pleomorphic Thyroid Gland Carcinoma, Undifferentiated Thyroid Carcinoma, Undifferentiated Thyroid Gland Carcinoma, Undifferentiated Carcinoma of the Thyroid, anaplastic thyroid cancer, Metaplastic Thyroid Gland Carcinoma, Thyroid Gland Sarcomatoid Carcinoma, Undifferentiated (Anaplastic) Thyroid Gland Carcinoma, Anaplastic Thyroid Gland Carcinoma, Undifferentiated Thyroid Tumor, Anaplastic Thyroid Cancer, Thyroid Gland Carcinosarcoma, ATC, Anaplastic Carcinoma of the Thyroid, Undifferentiated Carcinoma of Thyroid, Dedifferentiated Thyroid Gland Carcinoma, Anaplastic Follicular Cell Derived Thyroid Carcinoma, Sarcomatoid Thyroid Gland Carcinoma, Anaplastic Thyroid Carcinoma, Undifferentiated (Anaplastic) Thyroid Gland Cancer, Anaplastic Carcinoma of Thyroid, Thyroid Gland Metaplastic Carcinoma",NCIT:C3878,http://purl.obolibrary.org/obo/NCIT_C3878,C3878,
Thyroid Gland Carcinoma,"Cancer that forms in the thyroid gland (an organ at the base of the throat that makes hormones that help control heart rate, blood pressure, body temperature, and weight). Four main types of thyroid cancer are papillary, follicular, medullary, and anaplastic thyroid cancer. The four types are based on how the cancer cells look under a microscope.",,,FALSE,,Tumor Type,,,,"Thyroid Gland Cancer, Cancer of Thyroid, Carcinoma of the Thyroid, Carcinoma of the Thyroid Gland, Cancer of the Thyroid, Thyroid Cancer, THCA, Carcinoma of Thyroid Gland, thyroid cancer, Carcinoma of Thyroid, Thyroid Carcinoma",NCIT:C4815,http://purl.obolibrary.org/obo/NCIT_C4815,C4815,
Thyroid Gland Noninvasive Follicular Neoplasm with Papillary-Like Nuclear Features,A non-invasive neoplasm of thyroid follicular cells with a follicular growth pattern and nuclear features of papillary thyroid carcinoma that has an extremely low malignant potential. These tumors were formerly classified as non-invasive encapsulated follicular variant of papillary thyroid carcinoma or well-differentiated tumor of uncertain malignant potential. (WHO),,,FALSE,,Tumor Type,,,,"Noninvasive Follicular Thyroid Neoplasm with Papillary-Like Nuclear Features, Follicular Thyroid Tumor, NIFTP, Noninvasive Encapsulated Follicular Variant Thyroid Gland Papillary Carcinoma, Non-invasive follicular thyroid neoplasm with papillary-like nuclear features (NIFTP), NIEFVPTC, Noninvasive Follicular Thyroid Gland Neoplasm with Papillary-Like Nuclear Features, Thyroid Gland Noninvasive Follicular Tumor with Papillary-Like Nuclear Features, Noninvasive Encapsulated Follicular Variant Papillary Thyroid Gland Carcinoma",NCIT:C126598,http://purl.obolibrary.org/obo/NCIT_C126598,C126598,
Triple-Negative Breast Carcinoma,"An invasive breast carcinoma which is negative for expression of estrogen receptor (ER), progesterone receptor (PR), and human epidermal growth factor receptor 2 (HER2).",,,FALSE,,Tumor Type,,,,"Triple-Negative Breast Cancer Finding, Triple-Negative Breast Cancer",NCIT:C71732,http://purl.obolibrary.org/obo/NCIT_C71732,C71732,
Urothelial Carcinoma,"A malignant neoplasm derived from the transitional epithelium of the urinary tract (urinary bladder, ureter, urethra, or renal pelvis). It is frequently papillary.",,,FALSE,,Tumor Type,,ICD-O-3,,"Uroepithelial Carcinoma, Transitional cell carcinoma of the urothelial tract, Transitional Cell Carcinoma of the Urinary Tract, Conventional Urothelial Carcinoma, Transitional cell car. -uroth.",NCIT:C4030,http://purl.obolibrary.org/obo/NCIT_C4030,C4030,
Uterine Adenosarcoma,A primary malignant neoplasm of the uterine corpus characterized by a sarcomatous (malignant) mesenchymal component combined with a benign glandular epithelial component. It is generally a low-grade tumor that can recur locally following resection.,,,FALSE,,Tumor Type,,,,,NCIT:C6336,http://purl.obolibrary.org/obo/NCIT_C6336,C6336,
Uveal Melanoma,A rare cancer of melanocytes (cells that produce the pigment melanin) found in the eye.,,,FALSE,,Tumor Type,,,,"Uveal Tract Melanoma, UVM, Intraocular Melanoma, Melanoma of Uvea, Melanoma of the Uvea, intraocular melanoma",NCIT:C7712,http://purl.obolibrary.org/obo/NCIT_C7712,C7712,
Uveal Neoplasm,A neoplasm that affects the uvea.  Uveal melanoma is a representative example.,,,FALSE,,Tumor Type,,,,"Uvea Tumor, Neoplasm of the Uvea, Neoplasm of Uvea, Tumor of Uvea, Uvea Neoplasm, Uveal Tumor, Uveal Tract Neoplasm, Tumor of the Uvea",NCIT:C3436,http://purl.obolibrary.org/obo/NCIT_C3436,C3436,
Vascular Neoplasm,"A benign, intermediate, or malignant neoplasm arising from vascular tissue including arteries, veins, venous sinuses, lymphatic vessels, arterioles and capillaries. It may occur in essentially any body location and is characterized by the presence of vascular channel formation and endothelial cells.",,,FALSE,,Tumor Type,,,,"Vascular Tumor, Vascular Tissue Tumor, Tumor of Vascular Tissue, Tumors, Vascular, Neoplasm of Vascular Tissue, Vascular Neoplasms, Neoplasms, Vascular, Vascular Tissue Neoplasm, Vascular Tumors",NCIT:C7388,http://purl.obolibrary.org/obo/NCIT_C7388,C7388,
Not-Applicable,Determination of a value is not relevant in the current context. (NCI),,,FALSE,,Tumor Type,,,,,NCIT:C48660,http://purl.obolibrary.org/obo/NCIT_C48660,C48660,AG 2023-09-22
Plexiform Neurofibroma,"An elongated and multinodular neurofibroma that forms when the tumor involves either multiple trunks of a nerve plexus or multiple fascicles of a large nerve. Some plexiform neurofibromas resemble a 'bag of worms', while others produce a massive ropy enlargement of the nerve. (Adapted from WHO)",,,FALSE,,Tumor Type,,ICD=O-3,,,NCIT:C3797,http://purl.obolibrary.org/obo/NCIT_C3797,C3797,AG 2023-09-22
